Variable / Field Name,Form Name,Section Header,Field Type,Field Label,"Choices, Calculations, OR Slider Labels",Field Note,Text Validation Type OR Show Slider Number,Text Validation Min,Text Validation Max,Identifier?,Branching Logic (Show field only if...),Required Field?,Custom Alignment,Question Number (surveys only),Matrix Group Name,Matrix Ranking?,Field Annotation
record_id,e01_screening,,text,Deelnemerscode,,Wordt door REDCap toegekend en is de sleutel van het hele dossier. Noteer ze op elk papieren formulier.,,,,,,,,,,,
e01_datum,e01_screening,,text,Datum van de screening,,"dd-mm-jjjj, zoals op het papieren werkblad",date_dmy,,,,,y,,,,,
e01_onderzoeker,e01_screening,1. Algemene gegevens,text,Onderzoeker die screent,,,,,,,,,,,,,
e01_i1,e01_screening,"2. Inclusiecriteria, alle zes moeten ja zijn",radio,"I1. Volwassen Nederlandstalige patiënt of patiënt die Nederlands begrijpt, 18 jaar of ouder","1, Ja|0, Nee",,,,,,,y,,,e01_incl,,
e01_i2,e01_screening,,radio,I2. Diabetes mellitus type 1 of 2,"1, Ja|0, Nee",,,,,,,y,,,e01_incl,,
e01_i3,e01_screening,,radio,"I3. Risicovoet categorie 3 met een recent genezen plantair voetulcus, een partiële voetamputatie of resectie van een of meer metatarsaalkoppen, de eerste inbegrepen, in de periode van 18 maanden tot 2 weken vóór inclusie","1, Ja|0, Nee",,,,,,,y,,,e01_incl,,
e01_i4,e01_screening,,radio,I4. Stabiele vaatstatus naar klinisch oordeel van de behandelende artsen,"1, Ja|0, Nee",,,,,,,y,,,e01_incl,,
e01_i5,e01_screening,,radio,I5. In staat om zelfstandig en zonder hulpmiddelen op blote voeten te stappen,"1, Ja|0, Nee",,,,,,,y,,,e01_incl,,
e01_i6,e01_screening,,radio,"I6. Beschikt over beschermend schoeisel, of is bereid over te schakelen","1, Ja|0, Nee",,,,,,,y,,,e01_incl,,
e01_e1,e01_screening,"3. Exclusiecriteria, alle negen moeten nee zijn",radio,E1. Amputatie proximaal van de metatarsofalangeale gewrichten,"1, Ja|0, Nee",,,,,,,y,,,e01_excl,,
e01_e2,e01_screening,,radio,E2. Actief voetulcus of Charcot-deformiteit,"1, Ja|0, Nee",,,,,,,y,,,e01_excl,,
e01_e3,e01_screening,,radio,"E3. Vaatstatus PEDIS graad 3, kritische ischemie","1, Ja|0, Nee",,,,,,,y,,,e01_excl,,
e01_e4,e01_screening,,radio,E4. Nierfunctievervangende therapie,"1, Ja|0, Nee",,,,,,,y,,,e01_excl,,
e01_e5,e01_screening,,radio,E5. Immunosuppressieve therapie,"1, Ja|0, Nee",,,,,,,y,,,e01_excl,,
e01_e6,e01_screening,,radio,E6. Ernstige aandoening die de overleving binnen 18 maanden beperkt,"1, Ja|0, Nee",,,,,,,y,,,e01_excl,,
e01_e7,e01_screening,,radio,E7. Niet in staat toestemming te geven of de studie-instructies te volgen,"1, Ja|0, Nee",,,,,,,y,,,e01_excl,,
e01_e8,e01_screening,,radio,E8. Hulpmiddelen die het aanbrengen van druksensoren beperken,"1, Ja|0, Nee",,,,,,,y,,,e01_excl,,
e01_e9,e01_screening,,radio,E9. Weigert het voorgeschreven beschermend schoeisel te dragen,"1, Ja|0, Nee",,,,,,,y,,,e01_excl,,
e01_uitkomst,e01_screening,4. Uitkomst,radio,Uitkomst van de screening,"1, Geschikt, gaat door naar de toestemming|2, Niet geschikt, voldoet niet aan de criteria|3, Screenfalen om een andere reden","Deze velden horen hier en niet in eligibility: dat formulier begint met de toestemming, en die komt pas na de screening",,,,,,y,,,,,
e01_reden,e01_screening,,radio,Reden van screenfalen,"1, Beslissing van de arts|2, Beslissing van de deelnemer|3, Overlijden|4, Lost to follow-up|5, Andere",,,,,,[e01_uitkomst] = '3',y,,,,,
e01_reden_ander,e01_screening,,text,"Andere reden, welke",,,,,,,[e01_reden] = '5',,,,,,
e01_motivatie,e01_screening,,notes,Motivatie voor exclusie of screenfalen,,,,,,,[e01_uitkomst] <> '1',,,,,,
e01_door,e01_screening,,text,Ingevoerd door (initialen),,Initialen van het studieteamlid dat overzet,,,,,,,,,,,
elcr_version_text,eligibility,,descriptive,eCRF version X.0 - Protocol version X.0,,,,,,,,,,,,,
elcr_ic,eligibility,INFORMED CONSENT,yesno,Has informed consent been obtained?,,DO NOT PROCEED if informed consent has not been obtained!,,,,,,y,RH,,,,
elcr_ic_date,eligibility,,text,Date informed consent signed,,,date_dmy,,,,[elcr_ic] = '1',y,,,,,
elcr_iemet,eligibility,SUBJECT ELIGIBILITY,yesno,Have all inclusion criteria been met and are none of the exclusion criteria met?,,DO NOT ENROLL subject if all eligibility criteria have not been met!,,,,,,y,,,,,
elcr_inclusion,eligibility,,checkbox,Please indicate which eligibility criteria were NOT MET:,"1, I1 Volwassen, Nederlandstalig of Nederlands begrijpend, minstens 18 jaar|2, I2 Diabetes mellitus type 1 of 2 volgens ADA/EASD, geen zwangerschapsdiabetes|3, I3 Risicovoet categorie 3 met recent genezen plantair ulcus, partiele voetamputatie (tenen inbegrepen hallux) of resectie van metatarsaalkoppen (eerste inbegrepen), 18 maanden tot 2 weken voor inclusie|4, I4 Stabiele vaatstatus naar klinisch oordeel van de behandelende artsen|5, I5 Zelfstandig en zonder hulpmiddelen blootsvoets kunnen stappen|6, I6 In bezit van beschermend schoeisel (volledig maatwerk, maatzolen in semi-orthopedisch schoeisel, of maatzolen in confectieschoeisel met extra diepte) of bereid over te schakelen|7, E1 Amputatie proximaal van de metatarsofalangeale gewrichten|8, E2 Actief voetulcus of Charcot-deformiteit|9, E3 Vaatstatus PEDIS graad 3, kritische ischemie: enkelsystoledruk onder 50 mmHg, teensystoledruk onder 30 mmHg, of TcpO2 onder 30 mmHg|10, E4 Nierfunctievervangende therapie|11, E5 Immunosuppressieve therapie|12, E6 Ernstige aandoening die de overleving binnen 18 maanden beperkt, beoordeeld door de behandelende arts|13, E7 Niet in staat toestemming te geven of de studie-instructies te volgen|14, E8 Hulpmiddelen die het aanbrengen van druksensoren beperken, bijvoorbeeld een enkel-voetorthese|15, E9 Weigert het voorgeschreven beschermend schoeisel te dragen",Criteria uit PARADISE_BRONNEN.md §3. eCRF 01 telt sinds 22 september 2026 zes inclusie- en negen exclusiecriteria en komt hiermee overeen.,,,,,[elcr_iemet] = '0',,LV,,,,
elcr_scrfailure,eligibility,SCREEN  FAILURE,yesno,Did the subject fail screening for any reason other than not meeting eligibility criteria?,,,,,,,[elcr_iemet] = '1',y,,,,,
elcr_scrfailreason,eligibility,,radio,Main reason for screen failure,"1, Physician decision|2, Subject decision (withdrawal)|3, Death|4, Lost contact with subject|5, Technical concerns|6, Other",,,,,,[elcr_scrfailure] = '1',,,,,,
elcr_scrfailother,eligibility,,text,"If reason for screen failure is ""Other"", please specify:",,,,,,,[elcr_scrfailreason] = '6',,,,,,
demo_version_txt,demographics,,descriptive,eCRF version X.0 - Protocol version X.0,,,,,,,,,,,,,
demo_age,demographics,,text,Participant's age,,CTU-sjabloon van de sponsor. Het geboortejaar is de bron; dat staat in e07_geboortejaar op hetzelfde bezoek. Vul hier de leeftijd op de inclusiedatum in.,number,18,120,,,y,,,,,
demo_colldate,demographics,,text,Date demographics data collected,,,date_dmy,,,,,,,,,,
demo_sex,demographics,,radio,Participant's sex,"1, Female|2, Male|3, Undifferentiated|4, Unknown",CTU-sjabloon van de sponsor. Moet overeenkomen met e07_geslacht op hetzelfde bezoek; dat veld is de bron.,,,,,,,,,,,
visit_version_txt,visit,,descriptive,eCRF version X.0 - Protocol version X.0,,,,,,,,,,,,,
vis_date,visit,VISIT XXX,text,Visit date,,,date_dmy,,,,,,,,,,
vis_noreason,visit,,radio,"If visit was not done, please provide reason","1, Subject is lost to follow up|2, Subject withdrew consent|3, Subject died|4, Other","Verschijnt alleen als er geen bezoekdatum is ingevuld. Ging het bezoek door, vul dan de datum in en dit veld verdwijnt.",,,,,[vis_date] = '',y,,,,,
vis_nootherreason,visit,,text,"If ""Other"" reason, please explain",,,,,,,[vis_noreason] = '4',y,,,,,
vis_ae_title,visit,,descriptive,"<div style=""width:101.5%; background-color:#CDCDCD; padding:2px; position:relative; top:-1px; left:-5px; right:100px""> <p>Adverse Events</p></div>",,,,,,,,,,,,,
vis_advev,visit,,yesno,"Did new adverse events occur since previous visit, or have there been changes in previously reported conditions?",,,,,,,,y,,,,,
ae_compl,visit,,descriptive,"Please complete Adverse Events page
via het event AE SAE",,,,,,,[vis_advev] = '1',,,,,,
vis_advev_compl,visit,,dropdown,Was Adverse Events page completed?,"1, Yes|2, No|3, Not applicable (non-reportable event)",,,,,,[vis_advev] = '1',,,,,,
vis_concom_title,visit,,descriptive,"<div style=""width:101.5%; background-color:#CDCDCD; padding:2px; position:relative; top:-1px; left:-5px; right:100px""> <p>Concomitant medication</p></div>",,,,,,,,,,,,,
vis_concom,visit,,yesno,Are there any changes in concomitant therapy since previous visit?,,,,,,,,y,,,,,
vis_concom_compl,visit,,descriptive,"Please complete Concomitant Therapy page
[form-link:concomitant_therapy: Link to all  patient Concomitant Medication (last record)][last-instance]  - Total number of records: [contx_total][last-instance]",,,,,,,[vis_concom] = '1',,,,,,
ran_version,randomization,,descriptive,eCRF version x.x - Protocol version x.x - DD-MM-YYYY,,,,,,,,,,,,,
temp,randomization,,descriptive,"Interaction with other aspects of project
Form render skip logic: show only other forms when randomization page is set to completed.
Send comfirmation email when  randomized.
Send alert to verify ... patient  mapping ex: id with riziv/EAD is documented",,,,,,,,,,,,,
rand_email_work,randomization,,descriptive,"<div class=""rich-text-field-label""><div>Email( Work variable, used for sending randomization confirmation)</div> <div><strong><span style=""color: #3178d1;"">Uses REDCap smart variable [user-email]</span></strong></div></div>",,,,,,,,,,,,,@HIDDEN @READONLY @SETVALUE='[user-email]'
rand_site_work,randomization,,descriptive,"<div class=""rich-text-field-label""><div>Site ( Work variable, used for sending randomization confirmation)</div> <div><strong><span style=""color: #3178d1;"">Uses REDCap smart variable [user-dag-label]</span></strong></div></div>",,,,,,,,,,,,,@READONLY @SETVALUE='[user-dag-label]' @HIDDEN
rand_name_work,randomization,,descriptive,"<div class=""rich-text-field-label""><div>Name of randomizing person ( Work variable, used for sending randomization confirmation)</div> <div><strong><span style=""color: #3178d1;"">Uses REDCap smart variable [user-fullname]</span></strong></div></div>",,,,,,,,,,,,,@READONLY @SETVALUE= '[user-fullname]' @HIDDEN
rand_datum,randomization,,text,Datum van groepstoewijzing,,"Pas invullen na bevestigde geschiktheid, getekende toestemming en de baselinemetingen.",date_dmy,,,,,y,,,,,
rand_envelop,randomization,,text,Nummer van de verzegelde envelop,,Enveloppen worden per centrum sequentieel geopend; een overgeslagen nummer moet opvallen.,integer,1,999,,,y,,,,,
rand_arm,randomization,,radio,Toegewezen arm,"1, Usual Care|2, Optimal Care",Zoals vermeld in de envelop. Moet overeenkomen met de REDCap-arm van de deelnemer.,,,,,,y,,,,,
rand_door,randomization,,text,Toewijzing uitgevoerd door (initialen),,De PI opent de envelop; alleen die initialen.,,,,,,,,,,,
contx_versie_txt,concomitant_therapy,,descriptive,eCRF version X.0 - Protocol version X.0,,,,,,,,,,,,,
contx_total,concomitant_therapy,,calc,Total number of pages,[last-instance],,,,,,,,,,,,@HIDDEN
contx_drugname,concomitant_therapy,"IMPORTANT: Please, list all medication / non-drug therapy taken by the subject while participating in the study",text,Generic medication name / non-drug therapy,,,,,,,,y,,,,,
contx_dose,concomitant_therapy,,text,Dose,,,number,,,,,y,,,,,
contx_unit,concomitant_therapy,,dropdown,Dose unit,"1, mg|2, gr|3, ml|4, cl|5, IU|6, Appl|7, dr|8, %|9, Other",,,,,,,y,,,,,
contx_unit_other,concomitant_therapy,,text,"If ""Other"", please specify unit:",,,,,,,[contx_unit] = '9',,,,,,
contx_freq,concomitant_therapy,,text,Frequency per day,,,,,,,,,,,,,
contx_route,concomitant_therapy,,text,Route,,,,,,,,,,,,,
contx_startdate,concomitant_therapy,,text,Start date,,,date_dmy,,,,,y,,,,,
contx_stop_ong,concomitant_therapy,,descriptive,"<div class=""rich-text-field-label""><table style=""border-collapse: collapse; height: 37px;"" border=""0""> <tbody> <tr> <td style=""width: 465px;""> <div>Stop date</div> <div> </div> </td> <td style=""width: 110px;"">{contx_stopdate}</td> <td style=""width: 220px;"">{contx_ongoing}</td</td> </tr> </tbody> </table></div>",,,,,,,,,,,,,
contx_stopdate,concomitant_therapy,,text,"Stop date
(or indicate ongoing at the end of the study)",,,date_dmy,,,,,,,,,,
contx_ongoing,concomitant_therapy,,checkbox,"<div class=""rich-text-field-label""></div>","1, ongoing",,,,,,[contx_stopdate]= '',,,,,,
contx_maint_new,concomitant_therapy,,radio,Did medication intake start before or during study?,"No, maintenance therapy | Yes, new onset therapy",,,,,,,,,,,,
contx_reas,concomitant_therapy,,radio,Reason for therapy,"1, Pre-existing condition | 2, Adverse event | 3, Other",,,,,,,y,,,,,
contx_reas_pre_ex,concomitant_therapy,,notes,Define pre-existing condition,,,,,,,[contx_reas] = '1',y,,,,,
contx_reas_other,concomitant_therapy,,notes,"If ""Other"" reason for concomitant therapy, please specify",,,,,,,[contx_reas] = '3',y,,,,,
contx_aenbr,concomitant_therapy,,text,Adverse event description,,,,,,,[contx_reas] = '2',,,,,,
ae_versie_txt_v2,ae_sae_form_imd_within_ce_label,,descriptive,eCRF version X.0 - Protocol version X.0,,,,,,,,,,,,,
ae_description_v2,ae_sae_form_imd_within_ce_label,"<div class=""rich-text-field-label""><p class=""MsoNormal"" style=""mso-margin-top-alt: auto; mso-margin-bottom-alt: auto; line-height: normal;""><strong><span lang=""EN-US"" style=""font-size: 10.5pt; font-family: Verdana, sans-serif; color: black;""><span style=""color: #e03e2d;"">Definition of 'Adverse event' (AE):</span></span></strong></p> <p class=""MsoNormal"" style=""mso-margin-top-alt: auto; mso-margin-bottom-alt: auto; line-height: normal;""><strong><span lang=""EN-US"" style=""font-size: 10.5pt; font-family: 'Verdana',sans-serif; mso-fareast-font-family: 'Times New Roman'; mso-bidi-font-family: 'Times New Roman'; color: black; mso-ansi-language: EN-US; mso-fareast-language: NL-BE;"">Any untoward medical <span style=""color: #000000;"">occurence,</span> unintended disease or injury or any untoward clinical signs (including an abnormal laboratory finding) in<span style=""text-decoration: underline;""> subjects, users or other persons</span> whether or not related to the investigational medical device.</span></strong></p> <p class=""MsoNormal"" style=""mso-margin-top-alt: auto; mso-margin-bottom-alt: auto; line-height: normal;""><span style=""color: #e03e2d;""><strong><span lang=""EN-US"" style=""font-size: 10.5pt; font-family: Verdana, sans-serif;"">Definition of 'Serious Adverse Event' (SAE):</span></strong></span></p> <p class=""MsoNormal"" style=""mso-margin-top-alt: auto; mso-margin-bottom-alt: auto; line-height: normal;""><strong><span lang=""EN-US"" style=""font-size: 10.5pt; font-family: 'Verdana',sans-serif; mso-fareast-font-family: 'Times New Roman'; mso-bidi-font-family: 'Times New Roman'; color: black; mso-ansi-language: EN-US; mso-fareast-language: NL-BE;"">A SAE is any adverse event that led to any of the following: </span></strong></p> <p class=""MsoNormal"" style=""mso-margin-top-alt: auto; mso-margin-bottom-alt: auto; line-height: normal;""><span style=""font-family: Arial, sans-serif; font-size: 11.5pt;"">a) death</span></p> <p class=""MsoNormal"" style=""mso-margin-top-alt: auto; mso-margin-bottom-alt: auto; line-height: normal;""><span style=""font-family: Arial, sans-serif; font-size: 11.5pt;"">b) serious deterioration in health of the subject, that resulted in any of the following:</span></p> <ul> <li class=""MsoNormal"" style=""mso-margin-top-alt: auto; mso-margin-bottom-alt: auto; line-height: normal;""><span style=""font-family: Arial, sans-serif; font-size: 11.5pt;"">life-threatening illness or injury</span></li> <li class=""MsoNormal"" style=""mso-margin-top-alt: auto; mso-margin-bottom-alt: auto; line-height: normal;""><span style=""font-family: Arial, sans-serif; font-size: 11.5pt;"">permanent impairment of a body structure or a body function</span></li> <li class=""MsoNormal"" style=""mso-margin-top-alt: auto; mso-margin-bottom-alt: auto; line-height: normal;""><span style=""font-family: Arial, sans-serif; font-size: 11.5pt;"">hospitalisation or prolongation of patient hospitalisation</span></li> <li class=""MsoNormal"" style=""mso-margin-top-alt: auto; mso-margin-bottom-alt: auto; line-height: normal;""><span style=""font-family: Arial, sans-serif; font-size: 11.5pt;"">medical or surgical intervention to prevent life-threatening illness or injury or permanent impairment to a body structure or a body function,</span></li> <li class=""MsoNormal"" style=""mso-margin-top-alt: auto; mso-margin-bottom-alt: auto; line-height: normal;""><span style=""font-family: Arial, sans-serif; font-size: 11.5pt;"">chronic disease</span></li> </ul> <p class=""MsoNormal"" style=""mso-margin-top-alt: auto; mso-margin-bottom-alt: auto; line-height: normal;""><span style=""font-family: Arial, sans-serif; font-size: 11.5pt;"">c) foetal distress, foetal death or a congenital physical or mental imparment or birth defect</span></p> <p class=""MsoNormal"" style=""mso-margin-top-alt: auto; mso-margin-bottom-alt: auto; line-height: normal;""><span style=""font-family: Arial, sans-serif; font-size: 11.5pt; color: #e03e2d;""><strong style=""font-family: 'Open Sans', -apple-system, BlinkMacSystemFont, 'Segoe UI', Roboto, 'Helvetica Neue', Helvetica, Arial, Arial, sans-serif, 'Apple Color Emoji', 'Segoe UI Emoji', 'Segoe UI Symbol'; font-size: 13px;""><span lang=""EN-US"" style=""font-size: 10.5pt; font-family: Verdana, sans-serif;"">Any SERIOUS Adverse Event (SAE) must be reported within 24 hours awareness</span></strong></span></p> <p class=""MsoNormal"" style=""mso-margin-top-alt: auto; mso-margin-bottom-alt: auto; line-height: normal;""><span style=""color: #000000;""><span style=""font-family: Arial, sans-serif; font-size: 11.5pt;""><span style=""color: #0864cc;"">Legend for severity of (S)AE</span>:</span></span></p> <ul> <li class=""MsoNormal"" style=""line-height: normal;""><span style=""font-family: Arial, sans-serif; font-size: 11.5pt;"">Mild: aware of symptoms but easily tolerated</span></li> <li class=""MsoNormal"" style=""line-height: normal;""><span style=""font-family: Arial, sans-serif; font-size: 11.5pt;"">Moderate: discomfort causing interference with usual activity</span></li> <li class=""MsoNormal"" style=""line-height: normal;""><span style=""font-family: Arial, sans-serif; font-size: 11.5pt;"">Severe: incapacitating with inability to work or to do usual activity </span></li> </ul> <p><span style=""font-family: Arial, sans-serif; font-size: 11.5pt;""><span style=""color: #0864cc;"">Guidance for sponsor</span>: any SAE with a causal relationship to the IMD, comparator or procedure should be reported to the CA(s) within strict timelines.</span></p></div>",text,Describe Event,,,,,,,,y,,,,,
ae_medra_v2,ae_sae_form_imd_within_ce_label,,text,MedDRA LLT,BIOPORTAL:MEDDRA,Start entering description of event and select from MedDRA list. Most recent version of MedDRA dictionary is uploaded automatically during routine system updates,,,,,,y,,,,,
ae_startdate_v2,ae_sae_form_imd_within_ce_label,,text,Start date,,,date_dmy,,,,,y,,,,,
ae_starttime_v2,ae_sae_form_imd_within_ce_label,,text,"Start time
(if applicable)",,,time,,,,,y,,,,,
ae_stopdate_v2,ae_sae_form_imd_within_ce_label,,text,Stop date,,,date_dmy,,,,,,,,,,
ae_stoptime_v2,ae_sae_form_imd_within_ce_label,,text,"Stop time
(if applicable)",,,time,,,,,,,,,,
ae_outcome_v2,ae_sae_form_imd_within_ce_label,,radio,Outcome,"1, Recovered | 2, Recovered with sequelae | 3, Not yet recovered | 4, Unknown | 5, Death",,,,,,,y,,,,,
ae_action_md_v2,ae_sae_form_imd_within_ce_label,,checkbox,Action taken regarding study intervention,"1, None | 2, Temporarily interrupted | 3, Stopped permanently | 4, Other",,,,,,,y,,,,,
ae_action_md_oth_v2,ae_sae_form_imd_within_ce_label,,notes,Other,,,,,,,[ae_action_md_v2(4)] = '1',,,,,,
ae_action_v2,ae_sae_form_imd_within_ce_label,,checkbox,"<div class=""rich-text-field-label""><p>Action taken<br /><em>(tick all that apply)</em></p></div>","1, None | 2, Medication | 3, Non-drug therapy | 4, Further investigation performed | 5, Stop study participation due to AE | 6, Other",,,,,,,y,,,,,
ae_conxt_txt1_v2,ae_sae_form_imd_within_ce_label,,descriptive,"<div class=""rich-text-field-label""><div style=""width: 101.5%; background-color: #feffd9; padding: 2px; position: relative; top: -1px; left: -5px; right: 100px; font-size: large; color: #236fa1; text-align: center;""><br />Please 'save' this page before using the link below</div> <div style=""width: 101.5%; background-color: #feffd9; padding: 2px; position: relative; top: -1px; left: -5px; right: 100px; font-size: large; text-align: center; color: #236fa1;""> </div></div>",,,,,,,[ae_action_v2(2)]='1',,,,,,
ae_contx_reminder_v2,ae_sae_form_imd_within_ce_label,,descriptive,"<div class=""rich-text-field-label""><p><span style=""color: #236fa1;"">Ensure to update Concomitant Therapy page</span> <br>op de eerstvolgende bezoekvisite</p></div>",,,,,,,[ae_action_v2(2)]='1',,,,,,
ae_action_oth_v2,ae_sae_form_imd_within_ce_label,,notes,Other,,,,,,,[ae_action_v2(6)] = '1',,,,,,
ae_serious_txt_v2,ae_sae_form_imd_within_ce_label,"<div class=""rich-text-field-label""><h4 style=""text-align: center;"">Investigator's assessment</h4></div>",descriptive,"<div class=""rich-text-field-label""><div style=""width: 101.5%; background-color: #cdcdcd; padding: 2px; position: relative; top: -1px; left: -5px; right: 100px;""> <h5><span style=""color: #0864cc; font-weight: normal;""><strong>Seriousness</strong></span></h5> </div></div>",,,,,,,,,,,,,
ae_seriousae_v2,ae_sae_form_imd_within_ce_label,,radio,Serious AE?,"1, Yes | 0, No",,,,,,,y,RH,,,,
note_1_dev,ae_sae_form_imd_within_ce_label,,descriptive,"<div class=""rich-text-field-label""><p><span style=""text-decoration: underline;""><span style=""color: #e03e2d; text-decoration: underline;"">Note to eCRF developer:</span></span></p> <p><span style=""color: #e03e2d;"">Edit Alert: ""Template - Device Adverse event alert"" </span><br /><span style=""color: #e03e2d;"">Edit Alert: ""Template - Device Adverse event -causality_related -alert""</span><br /><span style=""color: #e03e2d;"">(See 'Alerts and Notifications')</span></p> <p><span style=""color: #e03e2d;"">Update the email field for sponsor/sponsor team and the S-nr of the study !!</span></p> <p><span style=""color: #e03e2d;""> !! </span><span style=""color: #e03e2d;"">Test thoroughly</span><br /><br /><span style=""color: #e03e2d;"">Delete this work field, before going to production.</span></p></div>",,,,,,,,,,,,,
ae_serae_date_v2,ae_sae_form_imd_within_ce_label,,text,Date of awareness,,,date_dmy,,,,[ae_seriousae_v2] = '1',y,,,,,
ae_ser_apply_txt_v2,ae_sae_form_imd_within_ce_label,,descriptive,"<div class=""rich-text-field-label""><p><span style=""color: #0864cc;""><em>If yes, tick all criteria that apply:</em></span></p></div>",,,,,,,[ae_seriousae_v2] = '1',,,,,,
ae_ser_death_v2,ae_sae_form_imd_within_ce_label,,checkbox,Results in death,"1, Results in death",,,,,,[ae_seriousae_v2] = '1',,,,,,
ae_ser_death_date_v2,ae_sae_form_imd_within_ce_label,,text,"<div style=""text-align:right"" > Date of death </div>",,,date_dmy,,,,[ae_ser_death_v2(1)] = '1',y,,,,,
ae_ser_lifethr_v2,ae_sae_form_imd_within_ce_label,,checkbox,Is life-threatening,"1, Is life-threatening",,,,,,[ae_seriousae_v2] = '1',,RH,,,,
ae_ser_impairment_v2,ae_sae_form_imd_within_ce_label,,checkbox,Results in permanent impairment,"1, Results in permanent impairment",,,,,,[ae_seriousae_v2] = '1',,,,,,
ae_serhospital_v2,ae_sae_form_imd_within_ce_label,,checkbox,Requires or prolongs inpatient hospitalization,"1, Requires or prolongs inpatient hospitalization",,,,,,[ae_seriousae_v2] = '1',,,,,,
ae_ser_hosp_date_v2,ae_sae_form_imd_within_ce_label,,text,Date of hospitalization,,,date_dmy,,,,[ae_serhospital_v2(1)] = '1',y,,,,,
ae_hospongoing_v2,ae_sae_form_imd_within_ce_label,,yesno,Is hospitalization ongoing?,,,,,,,[ae_serhospital_v2(1)] = '1',,RH,,,,
ae_ser_hosp_disch_v2,ae_sae_form_imd_within_ce_label,,text,Date of discharge,,,date_dmy,,,,[ae_hospongoing_v2] = '0',y,,,,,
ae_ser_impmedev_v2,ae_sae_form_imd_within_ce_label,,checkbox,Medical or surgical intervention to prevent any of the outcomes above,"1, Medical or surgical intervention to prevent any of the outcomes above",,,,,,[ae_seriousae_v2] = '1',,,,,,
ae_ser_chron_v2,ae_sae_form_imd_within_ce_label,,checkbox,Chronic disease,"1, Chronic disease",,,,,,[ae_seriousae_v2] = '1',,,,,,
ae_ser_conganom_v2,ae_sae_form_imd_within_ce_label,,checkbox,"Led to foetal distress, foetal death, congenital abnormality or birth defect","1, Led to foetal distress, foetal death, congenital abnormality or birth defect",,,,,,[ae_seriousae_v2] = '1',,,,,,
note_2_dev,ae_sae_form_imd_within_ce_label,,descriptive,"<div class=""rich-text-field-label""><p><span style=""text-decoration: underline;""><span style=""color: #e03e2d; text-decoration: underline;"">Note to eCRF developer:</span></span></p> <p><span style=""color: #e03e2d;"">1. The use of the following field ""<span style=""text-decoration: underline;"">Adverse event of special interest (AESI)""</span> is project specific and should be designed in <span style=""text-decoration: underline;"">compliance with the study protocol</span>.</span></p> <p><span style=""color: #e03e2d;"">2. Edit <span style=""text-decoration: underline;"">Alert: ""Template - Device AESI alert""</span> </span><br><span style=""color: #e03e2d;"">    (see 'Alerts and Notifications') </span><br><span style=""color: #e03e2d;"">    Update the email field for sponsor/sponsor team/monitor and the S-nr of the study. Test thoroughly</span></p> <p><br><span style=""color: #e03e2d;"">Delete this work field, before going to production!!</span></p></div>",,,,,,,,,,,,,
aesi,ae_sae_form_imd_within_ce_label,,radio,Adverse event of special interest (AESI):,"1, Yes | 2, No | 3, Not applicable",,,,,,,y,RH,,,,
ae_sev_txt_v2,ae_sae_form_imd_within_ce_label,,descriptive,"<div class=""rich-text-field-label""><div style=""width: 101.5%; background-color: #cdcdcd; padding: 2px; position: relative; top: -1px; left: -5px; right: 100px;""> <h5><span style=""color: #0864cc;""><strong>Severity</strong></span></h5> </div></div>",,,,,,,,,,,,,
ae_severity_v2,ae_sae_form_imd_within_ce_label,,radio,Severity,"1, Mild (= aware of symptoms but easily tolerated) | 2, Moderate (= discomfort causing interference with usual activity) | 3, Severe (=incapacitating with inability to work or to do usual activity )",,,,,,,y,,,,,
ae_caus_txt_v4,ae_sae_form_imd_within_ce_label,,descriptive,"<div style=""width: 101.5%; background-color: #cdcdcd; padding: 2px; position: relative; top: -1px; left: -5px; right: 100px;"">
<h5><span style=""color: #0864cc;""><strong>Causality</strong></span></h5>
</div>",,,,,,,,,,,,,
ae_caus_txt_v2,ae_sae_form_imd_within_ce_label,,descriptive,"<div class=""rich-text-field-label""><div style=""width: 101.5%; background-color: #cdcdcd; padding: 2px; position: relative; top: -1px; left: -5px; right: 100px;""><br> <h5><span style=""color: #0864cc;"">Causality to investigational device or comparator</span></h5> </div></div>",,,,,,,,,,,,,
ae_caus_md_v2,ae_sae_form_imd_within_ce_label,,text,Device (name/ID),,,,,,,,y,,,,,
ae_caus_caus_v2,ae_sae_form_imd_within_ce_label,,radio,Causality,"1, Not related | 2, Possibly | 3, Probably | 4, Definitely | 5, Not applicable",,,,,,,y,,,,,
ae_caus_studyproc_txt_v2,ae_sae_form_imd_within_ce_label,,descriptive,"<div style=""width: 101.5%; background-color: #cdcdcd; padding: 2px; position: relative; top: -1px; left: -5px; right: 100px;"">
<h5><span style=""color: #0864cc;"">Causality to investigation procedure</span></h5>
</div>",,,,,,,,,,,,,
ae_caus_studyproc_v2,ae_sae_form_imd_within_ce_label,,radio,Related to an investigation procedure?,"1, Yes | 2, No | 4, Not applicable",Investigation procedure = a study-specific procedure performed outside the standard of care related to the use of the IMD or comparator,,,,,,y,,,,,
ae_caus_studyprocdecr_v2,ae_sae_form_imd_within_ce_label,,notes,"If  'Yes', specify procedure",,,,,,,[ae_caus_studyproc_v2] = '1',,,,,,
ae_caus_studyproc_oth_v2,ae_sae_form_imd_within_ce_label,,notes,Any other comments,,,,,,,,,LH,,,,
ae_med_val_dev_3,ae_sae_form_imd_within_ce_label,,descriptive,"<div class=""rich-text-field-label""><h4 style=""text-align: center;""><span style=""color: #236fa1;"">Validation reported event</span></h4> <p>All reported Serious AE must be validated by the PI, not serious AE can be validated by the investigator</p></div>",,,,,,,,,,,,,"@IF([user-role-label] = 'Principal Investigator' , '', 
@IF([user-role-label] = 'Investigator' , '' , @READONLY))"
ae_med_val_dev_2,ae_sae_form_imd_within_ce_label,,descriptive,"<div class=""rich-text-field-label""><p>By ticking this checkbox below, the PI validates the reported <span style=""text-decoration: underline;"">Serious </span>Adverse Event</p></div>",,,,,,,[ae_seriousae_v2] = '1',,,,,,"@IF([user-role-label] = 'Principal Investigator' , '',@READONLY)"
meddev_ae_med_conf,ae_sae_form_imd_within_ce_label,,checkbox,"<div class=""rich-text-field-label""></div>","1, By ticking this box the PI certifies the availability of relevant source data, demonstrating that this safety event has been reviewed by a qualified medical doctor who also assessed the severity, causality and seriousness of the reported event.",,,,,,[ae_seriousae_v2] = '1',,LH,,,,"@IF([user-role-label] = 'Principal Investigator','', @READONLY)"
ae_med_val_dev_4,ae_sae_form_imd_within_ce_label,,descriptive,"<div class=""rich-text-field-label""><p>By ticking the checkbox below, the investigator validates the reported adverse event.</p></div>",,,,,,,[ae_seriousae_v2] = '0',,,,,,"@IF([user-role-label] = 'Investigator' , '' , @READONLY)"
meddev_ae_med_conf_2,ae_sae_form_imd_within_ce_label,,checkbox,"<div class=""rich-text-field-label""></div>","1, By ticking this box the investigator certifies the availability of relevant source data, demonstrating that this safety event has been reviewed by a qualified medical doctor who also assessed the severity, causality and seriousness of the reported event.",,,,,,[ae_seriousae_v2] = '0',,LH,,,,"@IF([user-role-label] = 'Investigator' , '' , @READONLY)"
ae_cause_ass_txt_dev,ae_sae_form_imd_within_ce_label,,descriptive,"<div class=""rich-text-field-label""><div class=""rich-text-field-label""> <h4 style=""text-align: center;""><span style=""color: #236fa1;"">Assessment by sponsor</span></h4> <p style=""text-align: center;"">(Only for reported <span style=""text-decoration: underline;"">related</span>  <span style=""text-decoration: underline;"">Serious </span>Adverse Events)</p> </div></div>",,,,,,,[ae_seriousae_v2] = '1' AND ([ae_caus_caus_v2] = '2' or [ae_caus_caus_v2] = '3' or [ae_caus_caus_v2] = '4' or [ae_caus_studyproc_v2]='1'),,,,,,
guid_dev_dev,ae_sae_form_imd_within_ce_label,,descriptive,"<div class=""rich-text-field-label""><p><span style=""color: #e03e2d;"">GUIDANCE FOR the SPONSOR TEAM: </span></p> <p style=""color: #e03e2d;""><span style=""color: #e03e2d;"">Any <span style=""text-decoration: underline;"">SAE with a causal relationship </span>to the IMD, comparator or procedure should be <span style=""text-decoration: underline;"">reported </span>to the EC and the <span style=""text-decoration: underline;"">CA(s) </span>according to the applicable timelines</span></p></div>",,,,,,,[ae_seriousae_v2] = '1' and ([ae_caus_caus_v2] = '2' or [ae_caus_caus_v2] = '3' or [ae_caus_caus_v2] = '4' or [ae_caus_studyproc_v2] = '1'),,,,,,
ae_caus_txt_v3,ae_sae_form_imd_within_ce_label,,descriptive,"<div style=""width: 101.5%; background-color: #cdcdcd; padding: 2px; position: relative; top: -1px; left: -5px; right: 100px;"">
<h6><span style=""color: #0864cc;"">Causality assessment to investigational device or comparator</span></h6>
</div>",,,,,,,[ae_seriousae_v2] = '1' AND ([ae_caus_caus_v2] = '2' or [ae_caus_caus_v2] = '3' or [ae_caus_caus_v2] = '4'),,,,,,
ae_cause_ass_v2,ae_sae_form_imd_within_ce_label,,radio,Causality to device or comparator?,"1, Not Related | 2, Possibly | 3, Probably | 4, Definitely | 5, Not applicable",Multicentrumvariant; de enkelcentrumvariant is verwijderd.,,,,,[ae_seriousae_v2] = '1' AND ([ae_caus_caus_v2] = '2' or [ae_caus_caus_v2] = '3' or [ae_caus_caus_v2] = '4' or [ae_caus_studyproc_v2] = '1'),,,,,,"@IF([user-role-label] <> 'Coordinating Investigator(multiple sites)', @READONLY, '')"
ae_caus_studyproc_txt_v3b,ae_sae_form_imd_within_ce_label,,descriptive,"<div style=""width: 101.5%; background-color: #cdcdcd; padding: 2px; position: relative; top: -1px; left: -5px; right: 100px;"">
<h6><span style=""color: #0864cc;"">Causality assessment to investigation procedure</span></h6>
</div>",,,,,,,[ae_seriousae_v2] = '1' AND ([ae_caus_caus_v2] = '2' or [ae_caus_caus_v2] = '3' or [ae_caus_caus_v2] = '4'),,,,,,"@IF([user-role-label] <> 'Coordinating Investigator(multiple sites)', @READONLY, '')"
ae_caus_studyproc_v3,ae_sae_form_imd_within_ce_label,,radio,Causality to investigation procedure?,"1, Yes | 2, No | 4, Not applicable",Investigation procedure = a study-specific procedure performed outside the standard of care related to the use of the IMD or comparator Multicentrumvariant; de enkelcentrumvariant is verwijderd.,,,,,[ae_seriousae_v2] = '1' AND ([ae_caus_caus_v2] = '2' or [ae_caus_caus_v2] = '3' or [ae_caus_caus_v2] = '4' or [ae_caus_studyproc_v2] = '1'),y,,,,,"@IF([user-role-label] <> 'Coordinating Investigator(multiple sites)', @READONLY, '')"
ae_versie_txt_v2_dd,device_deficiency_dd_form,,descriptive,eCRF version X.0 - Protocol version X.0,,,,,,,,,,,,,
sect_event_dd,device_deficiency_dd_form,"<div class=""rich-text-field-label""><p class=""MsoNormal"" style=""mso-margin-top-alt: auto; mso-margin-bottom-alt: auto; line-height: normal;""><span style=""text-decoration: underline;""><strong><span lang=""EN-US"" style=""font-size: 10.5pt; font-family: Arial, sans-serif; color: black; text-decoration: underline;""><span style=""color: #e03e2d; text-decoration: underline;"">Definition of 'Device Deficiency' (DD):</span></span></strong></span></p> <p class=""MsoNormal"" style=""mso-margin-top-alt: auto; mso-margin-bottom-alt: auto; line-height: normal;""><span style=""color: #000000;""><strong><span lang=""EN-US"" style=""font-size: 10.5pt; font-family: Arial, sans-serif;"">A DD is any in the identity, quality, durability, reliability, safety or performance of an investigational device, including malfunction, use errors or inadequacy in information supplied by the manufacturer</span></strong></span></p> <p class=""MsoNormal"" style=""mso-margin-top-alt: auto; mso-margin-bottom-alt: auto; line-height: normal;""><span style=""color: #0864cc;""><strong><span lang=""EN-US"" style=""font-size: 10.5pt; font-family: Arial, sans-serif;"">Reportable events:</span></strong></span></p> <p class=""MsoNormal"" style=""mso-margin-top-alt: auto; mso-margin-bottom-alt: auto; line-height: normal;""><span style=""color: #000000;""><span lang=""EN-US"" style=""font-size: 11.5pt; font-family: Arial, sans-serif;"">Any device deficiency that might have led to a serious adverse event if: <br />- appropriate action had not been taken, <br />- intervention had not occured, <br />- circumstances had been less fortunate<br />should be reported to the Competent Authority within strict timelines. <br /></span></span></p> <p class=""MsoNormal"" style=""mso-margin-top-alt: auto; mso-margin-bottom-alt: auto; line-height: normal;""> </p> <p class=""MsoNormal"" style=""mso-margin-top-alt: auto; mso-margin-bottom-alt: auto; line-height: normal;""><strong><span lang=""EN-US"" style=""font-size: 10.5pt; font-family: 'Arial',sans-serif; mso-fareast-font-family: 'Arial'; mso-bidi-font-family: 'Arial'; color: black; mso-ansi-language: EN-US; mso-fareast-language: NL-BE;"">Materiovigilance: SAEs and incidents concerning a CE marked device that meet the vigilance reporting criteria need to be reported according to the vigilance provisions. <br /> </span></strong></p> <p style=""margin-left: 35.4pt; text-align: justify;"">    </p> <p class=""MsoNormal"" style=""mso-margin-top-alt: auto; mso-margin-bottom-alt: auto; line-height: normal;""> </p></div>",descriptive,"<div class=""rich-text-field-label""><h5 style=""text-align: left;""><span style=""color: #0864cc;"">Event</span></h5></div>",,,,,,,,,,,,,
note_3_dev,device_deficiency_dd_form,,descriptive,"<div class=""rich-text-field-label""><p><span style=""text-decoration: underline;""><span style=""color: #e03e2d; text-decoration: underline;"">Note to eCRF developer:</span></span></p> <p><span style=""color: #e03e2d;"">The use of the following field ""<span style=""text-decoration: underline;"">Device name / ID number""</span> is project specific and should be designed in <span style=""text-decoration: underline;"">compliance with the study protocol</span>.</span></p> <p><span style=""color: #e03e2d;"">Delete this work field, before going to production!!</span></p></div>",,,,,,,,,,,,,
dev_nr_dd,device_deficiency_dd_form,,text,Device name / ID number,,,,,,,,y,LH,,,,
description_dd,device_deficiency_dd_form,,notes,Describe Event or deficiency,,,,,,,,y,LH,,,,
sect_startdt_dd,device_deficiency_dd_form,,descriptive,"<div class=""rich-text-field-label""><h5 style=""text-align: left;""><span style=""color: #0864cc;""><span style=""font-weight: normal;"">Start</span> date and time</span></h5> <p><em><span style=""color: #0864cc;"">(If onset time is unknown, enter time of first notice)</span></em></p></div>",,,,,,,,,,,,,
startdate_dd,device_deficiency_dd_form,,text,Start date,,Day-Month-Year,date_dmy,,,,,y,RH,,,,
startdate_time_dd,device_deficiency_dd_form,,descriptive,"<div class=""rich-text-field-label""><table style=""border-collapse: collapse; width: 99.9489%; height: 55.9722px;"" border=""1""> <tbody> <tr style=""height: 38.1944px;""> <td style=""width: 30.8347%; border-style: hidden; height: 38.1944px;""> <p>Start date</p> <p>{startdate_dd}</p> </td> <td style=""width: 69.1658%; border-style: hidden; height: 38.1944px;"">{startdate_unk_dd}</td> </tr> <tr> <td style=""width: 30.8347%; border-style: hidden;""> <p>{starttime_dd}</p> </td> <td style=""width: 69.1658%; border-style: hidden;""> </td> </tr> </tbody> </table></div>",,,,,,,,,,,,,
starttime_dd,device_deficiency_dd_form,,text,"<div class=""rich-text-field-label""><p>Start time (if applicable)<br /><em><span style=""color: #0864cc;"">(If onset time is unknown, enter time of first notice)</span></em></p></div>",,Time (HH-MM),time,,,,[startdate_dd] <> '',,,,,,
startdate_unk_dd,device_deficiency_dd_form,,radio,"<div class=""rich-text-field-label""><p>Start date unknown</p></div>","1, Start date unknown",,,,,,[startdate_dd] = '',,,,,,"@IF([startdate_dd] <> '', @READONLY, '')"
sect_stopdt_dd,device_deficiency_dd_form,,descriptive,"<div class=""rich-text-field-label""><h5 style=""text-align: left;""><span style=""color: #0864cc;""><span style=""font-weight: normal;"">Stop </span>date and time</span></h5></div>",,,,,,,,,,,,,
stopdate_time_dd,device_deficiency_dd_form,,descriptive,"<div class=""rich-text-field-label""><table style=""border-collapse: collapse; width: 99.9489%; height: 55.9722px;"" border=""1""> <tbody> <tr style=""height: 38.1944px;""> <td style=""width: 30.8347%; border-style: hidden; height: 38.1944px;""> <p>Stop date</p> <p>{stopdate_dd}</p> </td> <td style=""width: 69.1658%; border-style: hidden; height: 38.1944px;"">{stopdate_unk_dd}</td> </tr> <tr> <td style=""width: 30.8347%; border-style: hidden;""> <p>{stoptime_dd}</p> </td> <td style=""width: 69.1658%; border-style: hidden;""> </td> </tr> </tbody> </table></div>",,,,,,,,,,,,,
stopdate_dd,device_deficiency_dd_form,,text,Stop date,,Day-Month-Year,date_dmy,,,,,,,,,,
stoptime_dd,device_deficiency_dd_form,,text,"Stop time 
(If applicable)",,Time (HH-MM),time,,,,[stopdate_dd] <> '',,,,,,
stopdate_unk_dd,device_deficiency_dd_form,,radio,Stop date,"1, Ongoing",,,,,,[stopdate_dd] = '',,,,,,
sect_origin_dd,device_deficiency_dd_form,,descriptive,"<div class=""rich-text-field-label""><h5 style=""text-align: left;""><span style=""color: #0864cc;"">Origin of device deficiency</span></h5></div>",,,,,,,,,,,,,
origin_dd,device_deficiency_dd_form,,checkbox,"<div class=""rich-text-field-label""><p><span style=""color: #0864cc;"">Origin of device defiency</span></p></div>","1, Mechanical | 2, Electronic | 3, Software | 4, Other",,,,,,,y,,,,,
origin_oth_dd,device_deficiency_dd_form,,text,Specify 'Other',,,,,,,[origin_dd(4)] = '1',,,,,,
origin_type_dd,device_deficiency_dd_form,,checkbox,"<div class=""rich-text-field-label""><p><span style=""color: #0864cc;"">Type of deficiency</span></p></div>","1, Use error | 2, Inadequate instructions | 3, Device malfunction | 4, Unknown | 5, Not applicable | 6, Other",,,,,,,,,,,,
oth_origin_type_dd,device_deficiency_dd_form,,text,Specify 'Other',,,,,,,[origin_type_dd(6)] = '1',,,,,,
sect_action_dd,device_deficiency_dd_form,,descriptive,"<div class=""rich-text-field-label""><h5 style=""text-align: left;""><span style=""color: #0864cc;"">Action taken</span></h5> <p style=""text-align: center;""> </p></div>",,,,,,,,,,,,,
action_dd,device_deficiency_dd_form,,checkbox,"<div class=""rich-text-field-label""><p>Action taken<br /><span style=""color: #0864cc;""><em>(Multiple actions possible, tick all applicable)</em></span></p></div>","1, None | 2, Use of device temporarily interrupted | 3, Visit termination | 4, Resolved deficiency | 5, partially resolved | 6, Other",,,,,,,,,,,,
oth_action_dd,device_deficiency_dd_form,,text,Specify 'Other' action taken,,,,,,,[action_dd(6)] = '1',,,,,,
outcome_dd,device_deficiency_dd_form,,descriptive,"<div class=""rich-text-field-label""><h5 style=""text-align: left;""><span style=""color: #0864cc;"">Outcome</span></h5> <p style=""text-align: center;""> </p></div>",,,,,,,,,,,,,
outcome_cat_dd,device_deficiency_dd_form,,checkbox,Outcome,"1, No impact on protocol | 2, AE | 3, SAE | 4, Visit termination | 5, Other",,,,,,,,,,,,
oth_outcome_cat_dd,device_deficiency_dd_form,,text,Specify 'Other' outcome,,,,,,,[outcome_cat_dd(5)] = '1',,,,,,
txt_link_ae,device_deficiency_dd_form,,descriptive,"<div class=""rich-text-field-label""><p>Please complete (S)AE page<br />via het event AE SAE</p></div>",,,,,,,[outcome_cat_dd(2)] = '1' or [outcome_cat_dd(3)] = '1',,,,,,
sect_report_dd,device_deficiency_dd_form,,descriptive,"<div class=""rich-text-field-label""><h5 style=""text-align: left;""><span style=""color: #0864cc;"">Reportable event</span></h5> <p style=""text-align: left;""><span style=""color: #0864cc;"">(Only to be completed for the investigational device, check materiovigilance for comparator !!)</span></p> <p style=""text-align: center;""> </p></div>",,,,,,,,,,,,,
report_dd,device_deficiency_dd_form,,yesno,"<div class=""rich-text-field-label""><p>Might the DD have led to an SAE if:</p> <ul> <li>Appropriate action had not been taken?</li> <li>Intervention had not occurred?</li> <li>Circumstances had been less fortunate?</li> </ul></div>",,,,,,,,,RH,,,,
note_4_dd,device_deficiency_dd_form,,descriptive,"<div class=""rich-text-field-label""><h6><span style=""color: #0864cc;"">It </span><span style=""color: #0864cc;"">is the responsibility of the Principal Investigator or Investigator to validate the above entered information by ticking the box below.</span></h6></div>",,,,,,,[report_dd] = '1',,,,,,"@IF([user-role-label] = 'Principal Investigator' , '', 
@IF([user-role-label] = 'Investigator' , '' , @READONLY))"
txt_val_dd,device_deficiency_dd_form,,descriptive,"<div class=""rich-text-field-label""><h4 style=""text-align: center;"">Report validated </h4></div>",,,,,,,[report_dd] = '1',,,,,,"@IF([user-role-label] = 'Principal Investigator' , '', 
@IF([user-role-label] = 'Investigator' , '' , @READONLY))"
meddev_ae_med_conf_dd,device_deficiency_dd_form,,checkbox,"<div class=""rich-text-field-label""></div>","1, By ticking this box I certify the availability of relevant source data, demonstrating that this safety event has been reviewed by a qualified medical doctor.",,,,,,[report_dd] = '1',,LH,,,,"@IF([user-role-label] = 'Principal Investigator' , '', 
@IF([user-role-label] = 'Investigator' , '' , @READONLY))"
txtx_guidance,device_deficiency_dd_form,,descriptive,"<div class=""rich-text-field-label""><p><span style=""color: #e03e2d;"">Guidance for Sponsor: Please report <span style=""text-decoration: underline;"">DD (reportable event) for investigational device</span> to competent authorities (=CA) according to applicable guidelines.</span></p></div>",,,,,,,[report_dd] = '1',,,,,,"@IF([user-role-label] <> 'Coordinating Investigator(multiple sites)', @READONLY, '')"
note_5_dev_dd,device_deficiency_dd_form,,descriptive,"<div class=""rich-text-field-label""><p><span style=""color: #e03e2d;"">Note to eCRF developer:</span><br><br><span style=""color: #e03e2d;"">Edit Alert  ""Template - Device deficiency reporting"" (</span><span style=""color: #e03e2d;"">See 'Alerts and Notifications'). </span></p> <p><span style=""color: #e03e2d;"">Update the email field for sponsor/sponsor team/monitor and the S-nr of the study. Test thoroughly</span><br><br><span style=""color: #e03e2d;"">Delete this work field, before going to production!!</span></p></div>",,,,,,,,,,,,,
version_dev,deviation_serious_breach_log_capa,,descriptive,Version: CR PM-TMP-006-3.1_07Sep2023,,,,,,,,,,,,,
txt_descr_vlog,deviation_serious_breach_log_capa,,descriptive,"<div class=""rich-text-field-label""><div style=""background-color: #ffffe0;""><u>DESCRIPTION:</u><br /> <p><strong> Provide a <span style=""text-decoration: underline;"">brief description of the finding</span>. Additional supporting documentation may be supplied.</strong></p> <p> </p> </div></div>",,,,,,,,,,,,,
txt_description_dblog,deviation_serious_breach_log_capa,,descriptive,"<div class=""rich-text-field-label""><div style=""background-color: #ffffe0;""> <p><strong style=""color: #e03e2d;"">PROTOCOL DEVIATION:</strong></p> <p><span style=""color: #0864cc;""><strong>MINOR:</strong></span> <span style=""font-weight: normal;"">A minor protocol deviation occurs when, without significant consequences, the activities on a study diverge from the Ethics Committee (EC)-approved protocol (e.g. missing a routine follow-up visit window because the subject is traveling). A minor deviation does not impact study endpoints, data quality, integrity and/or the rights, safety or well-being of the subject(s) and does not invalidate or compromise the study results. </span></p> <p><strong><span style=""color: #0864cc;"">MAJOR</span>: </strong><span style=""font-weight: normal;"">A major protocol deviation is defined as a departure from the protocol that materially (a) reduces the quality, integrity or completeness of the data, (b) makes the Informed Consent Form inaccurate or invalid, or (c) impacts a subject' safety, rights, or wellbeing, or (d) has an impact on the study endpoints.<br>In case of a major protocol deviation, </span>a <strong>root cause evaluation </strong>must be performed and a <strong>CAPA (Corrective Action Preventive Action) <span style=""font-weight: normal;"">plan </span></strong><span style=""font-weight: normal;"">must be completed and signed.</span></p> <p><span style=""font-weight: normal;""><strong>Examples </strong></span><strong>of major protocol deviations may include the following:</strong></p> <p><span style=""font-weight: normal;"">- Inadequate or missing informed consent - Inclusion/exclusion criteria not met </span><br><span style=""font-weight: normal;"">- Missing/late reporting of serious adverse events </span><br><span style=""font-weight: normal;"">- Improper/unauthorized unblinding </span><br><span style=""font-weight: normal;"">- Use of prohibited medication </span><br><span style=""font-weight: normal;"">- Incorrect or missing tests (in case critical tests are linked to eligibility or primary endpoint) </span><br><span style=""font-weight: normal;"">- Mishandled samples which may compromise subject eligibility or primary study/safety endpoints </span><br><span style=""font-weight: normal;"">- Multiple missed or out of window visits </span><br><span style=""font-weight: normal;"">- Intentional departure from protocol </span><br><span style=""font-weight: normal;"">- Repeated non-compliance with study requirements (as such, the accumulation of recurring and/or systematic minor protocol deviations, may be qualified as a major protocol deviation)</span></p> </div></div>",,,,,,,,,,,,,
descr_vlog,deviation_serious_breach_log_capa,,notes,Description of non-compliance,,,,,,,,y,LV,,,,
db_log,deviation_serious_breach_log_capa,,radio,Minor Deviation or Major Deviation?,"1, Minor Deviation | 2, Major Deviation",,,,,,,y,RH,,,,
tbl_dlog_2,deviation_serious_breach_log_capa,,descriptive,"<div class=""rich-text-field-label""><table style=""border-collapse: collapse; width: 100.016%; height: 108.337px;"" border=""1""> <tbody> <tr style=""height: 28.8542px;""> <td style=""width: 99.9859%; height: 28.8542px;"" colspan=""2""><span style=""color: #0864cc;"">DEVIATION</span></td> </tr> <tr style=""height: 36.8438px;""> <td style=""width: 27.903%; height: 36.8438px;""><span style=""color: #0864cc;"">Categories:</span></td> <td style=""width: 72.0828%; height: 36.8438px;""><span style=""color: #0864cc;"">Code (only for category A, B, C and D)</span></td> </tr> <tr style=""height: 42.6389px;""> <td style=""width: 27.903%; height: 42.6389px;"">{cat_dlog}{oth_cat_dlog}</td> <td style=""width: 72.0828%; height: 42.6389px;"">{saf_dcode}{oth_saf_dcode}{ic_dcode}{oth_ic_dcode}{elig_dcode}{oth_elig_dcode}{prot_dcode}{oth_prot_dcode}</td> </tr> </tbody> </table></div>",,,,,,,,,,,,,
cat_dlog,deviation_serious_breach_log_capa,,radio,Deviation categories,"1, A. Subject safety/wellbeing | 2, B. Informed Consent | 3, C. Eligibility | 4, D. Protocol implementation | 5, E. Subject rights (e.g. GDPR) | 6, F. Study endpoints | 7, G. Other",,,,,,,,LV,,,,
oth_cat_dlog,deviation_serious_breach_log_capa,,text,specify 'other',,,,,,,[cat_dlog] = '7',,,,,,
saf_dcode,deviation_serious_breach_log_capa,,radio,Safety deviation code,"1, 1. Not reporting an SAE within hours | 2, 2. Laboratory tests not done | 3, 3. Relevant safety information is not reported to EC/CA | 4, 4. Other",,,,,,[db_log] = '1',,LV,,,,
oth_saf_dcode,deviation_serious_breach_log_capa,,text,Specify 'Other',,,,,,,[saf_dcode] = '4',,RH,,,,
ic_dcode,deviation_serious_breach_log_capa,,radio,Informed consent deviation code,"1, 5. Failure to obtain informed consent | 2, 6. Consent form used was not current EC-approved version | 3, 7. Consent form missing | 4, 8. Consent form not signed and dated by participant | 5, 9. Consent form does not contain all required signatures | 6, 10. Consent form does not contain all required dates | 7, 11. Other",,,,,,[cat_dlog] = '2',,LV,,,,
oth_ic_dcode,deviation_serious_breach_log_capa,,text,Specify other,,,,,,,[ic_dcode] = '7',,LV,,,,
elig_dcode,deviation_serious_breach_log_capa,,radio,Eligibility deviation code,"1, 12. Participant did not meet one or more in- and /or exclusion criteria | 2, 13. Participant randomized prior to completing Baseline Assessment, etc. | 3, 14. Enrolment of participant prior to EC and /or regulatory approval of the protocol | 4, 15. Other",,,,,,[cat_dlog] = '3',,LV,,,,
oth_elig_dcode,deviation_serious_breach_log_capa,,text,Specify other,,,,,,,[elig_dcode] = '4',,LV,,,,
prot_dcode,deviation_serious_breach_log_capa,,radio,Protocol deviation code,"1, 16. Implemented version of protocol was not approved by EC | 2, 17. Most current EC-approval version of the protocol has not been implemented | 3, 18. Participant receives wrong treatment | 4, 19. Participant seen outside visit window | 5, 20. Use of prohibited concomitant treatment | 6, 21. Prescribed dosing outside protocol guidelines | 7, 22. Missed assessment | 8, 23. Missed visit | 9, 24. Other",,,,,,[cat_dlog] = '4',,LV,,,,
oth_prot_dcode,deviation_serious_breach_log_capa,,text,Specify other,,,,,,,[prot_dcode] = '9',,LV,,,,
date_dlog,deviation_serious_breach_log_capa,,text,Date Deviation occured,,(dd-mm-yyyy),date_dmy,,,,,y,LH,,,,
txt_ec,deviation_serious_breach_log_capa,,descriptive,"<div class=""rich-text-field-label""><div style=""background-color: #ffffe0;""> <strong>When the<span style=""color: #e03e2d;""> safety </span>of the patient  (potentially) has been compromised, the <span style=""color: #e03e2d;"">EC</span> should immediately be notified.</strong> All other deviations have to be reported in the annual progress report to EC and/or regulatory authorities (as applicable).</div></div>",,,,,,,[db_log] = '2',,,,,,
tbl_ec_dslog,deviation_serious_breach_log_capa,,descriptive,"<div class=""rich-text-field-label""><table style=""border-collapse: collapse; width: 100%;"" border=""1""> <tbody> <tr> <td style=""width: 27.0699%;"">{date_ec_dslog}</td> <td style=""width: 72.9301%;"">{na_ec_dslog}</td> </tr> </tbody> </table></div>",,,,,,,[db_log] = '2',,,,,,
date_ec_dslog,deviation_serious_breach_log_capa,,text,"<div class=""rich-text-field-label""><p>Date EC notified <br /><em>(as applicable)</em></p></div>",,,date_dmy,,,,[db_log] = '2',,LH,,,,
na_ec_dslog,deviation_serious_breach_log_capa,,radio,"<div class=""rich-text-field-label""></div>","1, Not applicable (safety not compromised)",,,,,,[db_log] = '2',,LH,,,,
txt_capa,deviation_serious_breach_log_capa,,descriptive,"<div class=""rich-text-field-label""><div style=""background-color: #ffffe0;""> <h4 style=""background-color: #ffffe0; text-align: center;""><strong>CAPA</strong></h4> <h5 style=""background-color: #ffffe0; text-align: center;""><strong>Corrective Action and Preventive Action Form</strong></h5> <div style=""background-color: #ffffe0; text-align: center;"">In case a <span style=""text-decoration: underline;"">major protocol deviation/serious breach</span> occured, a root cause analysis should be performed and a CAPA plan should be defined and documented.</div> </div></div>",,,,,,,[db_log] = '2',,,,,,
txt_root_capa,deviation_serious_breach_log_capa,,descriptive,"<div class=""rich-text-field-label""><div style=""background-color: #ffffe0;""><span style=""font-weight: normal;""> Provide a brief </span>description of the reason why or how the deviation/serious breach has occured<span style=""font-weight: normal;"">. Apply the ""5 Why's"" technique to determine the ultimate reason why the incident occurred.</span></div></div>",,,,,,,[db_log] = '2',,,,,,
root_capa,deviation_serious_breach_log_capa,,notes,Root cause evaluation,,,,,,,[db_log] = '2',y,LH,,,,
txt_act_capa,deviation_serious_breach_log_capa,,descriptive,"<div class=""rich-text-field-label""><div style=""background-color: #ffffe0;""><span style=""font-weight: normal;""> Describe which</span> immediate corrective action(s) has/have been taken to mitigate the incident<span style=""font-weight: normal;"">, and</span> by whom<span style=""font-weight: normal;""> the action was taken (PI, study coordinator, study nurse, etc.). >. Apply the ""5 Why's"" technique to determine the ultimate reason why the incident occurred.</span></div></div>",,,,,,,[db_log] = '2',,,,,,
act_capa,deviation_serious_breach_log_capa,,notes,Immediate action(s),,,,,,,[db_log] = '2',y,LH,,,,
cor_capa,deviation_serious_breach_log_capa,,notes,Corrective action(s),,,,,,,[db_log] = '2',y,LH,,,,
txt_prev_capa,deviation_serious_breach_log_capa,,descriptive,"<div class=""rich-text-field-label""><div style=""background-color: #ffffe0;""><span style=""font-weight: normal;""> Describe which </span>preventive action(s) has/have been taken to address the root cause of the incident and to ensure the incident can not repeat itself in the future<span style=""font-weight: normal;""> (e.g. adequately train or re-train the staff, develop a policy, develop or adjust procedures, etc.). Indicate a timeframe for each action. </span></div></div>",,,,,,,[db_log] = '2',,,,,,
prev_capa,deviation_serious_breach_log_capa,,notes,Preventive action(s),,,,,,,[db_log] = '2',y,LH,,,,
exp_date_capa,deviation_serious_breach_log_capa,,text,Expected date of CAPA completion of (the entire) CAPA plan,,(dd-mm-yyyy),date_dmy,,,,[db_log] = '2',y,LH,,,,
txt_rag_capa,deviation_serious_breach_log_capa,,descriptive,"<div class=""rich-text-field-label""><div style=""background-color: #ffffe0;""><span style=""text-decoration: underline;"">RAG RATING:</span></div> <div style=""background-color: #ffffe0;"">Indicate RAG rating of CAPA and update RAG RATING as the implementation of the CAPA plan progresses:</div> <div style=""background-color: #ffffe0;""><strong><span style=""color: #e03e2d;"">R for RED = Action not started</span></strong></div> <div style=""background-color: #ffffe0;""><span style=""color: #e67e23;""><strong>A for Amber = Action in progress</strong></span></div> <div style=""background-color: #ffffe0;""><span style=""color: #2dc26b;""><strong>G for green = Action completed</strong></span></div> <div style=""background-color: #ffffe0;""> </div></div>",,,,,,,[db_log] = '2',,,,,,
rag_capa,deviation_serious_breach_log_capa,,radio,RAG rating,"1, R (Action not started) | 2, A (Action in progress) | 3, G (Action completed)",,,,,,[db_log] = '2',y,LV,,,,
signature_txt_dslog,deviation_serious_breach_log_capa,,descriptive,"<div class=""rich-text-field-label""><h6 style=""background-color: #ffffe0;""><span style=""color: #000000; font-weight: normal;""> It is the responsibility of the Principal Investigator to <strong>validate </strong>the above entered information by ticking the box below.</span></h6></div>",,,,,,,,,,,,,
log_txt_dblog,deviation_serious_breach_log_capa,,descriptive,"<div class=""rich-text-field-label""><table style=""border-collapse: collapse; width: 99.9489%;"" border=""1""> <tbody> <tr> <td style=""width: 98.3223%;""> <p>{txt_signed_dslog}<br />By ticking this checkbox, your credentials are logged in the audit trail.</p> </td> </tr> </tbody> </table></div>",,,,,,,,,,,,,"@IF([user-role-label] = 'Principal Investigator' , '', @READONLY)"
txt_signed_dslog,deviation_serious_breach_log_capa,,checkbox,Principal Investigator review and approval,"1, By ticking this box the Principal Investigator certifies his review and approval.",,,,,,,y,LH,,,,"@IF([user-role-label] = 'Principal Investigator' , '', @READONLY)"
date_sign_dslog,deviation_serious_breach_log_capa,,text,Date Investigator's (PI) signature signed,,(dd-mm-yyyy),date_dmy,,,,,y,LH,,,,"@IF([user-role-label] = 'Principal Investigator' , '', @READONLY)"
eos_version_txt,end_of_trial,,descriptive,eCRF version X.0 - Protocol version X.0,,,,,,,,,,,,,
eos_finaldate,end_of_trial,END OF TRIAL,text,Date End of Trial study visit,,,date_dmy,,,,,y,,,,,
eos_primrea,end_of_trial,,radio,Primary reason for trial participation termination,"1, Subject completed study as per protocol | 2, Physician decision | 3, Subject decision (withdrew consent) | 4, Lost contact with subject | 5, Adverse Event | 6, Death | 7, Major protocol deviation | 8, Other",,,,,,,y,,,,,
oes_deathdate,end_of_trial,,text,Date of death,,Please ensure to update Adverse Event page,date_dmy,,,,[eos_primrea] = '6',y,,,,,
eos_primrea_death,end_of_trial,,notes,"If ""Other"" reason for trial participation termination, please specify",,,,,,,[eos_primrea] = '8',y,,,,,
e07_datum,e07_med_voorgeschiedenis,,text,Datum van registratie,,"dd-mm-jjjj, zoals op het papieren werkblad",date_dmy,,,,,y,,,,,
e07_geslacht,e07_med_voorgeschiedenis,1. Demografische gegevens,radio,Geslacht,"1, Vrouw|2, Man|3, Ongedifferentieerd|4, Onbekend","Bronveld voor het geslacht. Neem dezelfde waarde over in demo_sex, dat het CTU-sjabloon van de sponsor vult.",,,,,,,,,,,
e07_geboortejaar,e07_med_voorgeschiedenis,,text,Geboortejaar,,"Alleen het jaar, om de deelnemer niet herleidbaar te maken. Bronveld voor de leeftijd in demo_age.",integer,1900,2010,,,,,,,,
e07_lengte,e07_med_voorgeschiedenis,,text,Lengte (cm),,,integer,100,230,,,,,,,,
e07_gewicht,e07_med_voorgeschiedenis,,text,Gewicht (kg),,,number_1dp,20,300,,,,,,,,
e07_bmi,e07_med_voorgeschiedenis,,calc,BMI (kg/m2),"round([e07_gewicht]/(([e07_lengte]/100)*([e07_lengte]/100)),1)",Wordt berekend,,,,,,,,,,,
e07_burgstaat,e07_med_voorgeschiedenis,,radio,Burgerlijke staat,"1, Alleenstaand|2, Gehuwd of samenwonend|3, Gescheiden|4, Weduwe of weduwnaar|5, Andere",,,,,,,,,,,,
e07_opleiding,e07_med_voorgeschiedenis,,radio,Hoogst behaalde opleiding,"1, Lager onderwijs|2, Secundair onderwijs|3, Bachelor|4, Master|5, Doctoraat",,,,,,,,,,,,
e07_kinderen,e07_med_voorgeschiedenis,,yesno,Heeft u kinderen,,,,,,,,,,,,,
e07_kinderen_n,e07_med_voorgeschiedenis,,text,Aantal kinderen,,,integer,0,,,[e07_kinderen] = '1',,,,,,
e07_mantel_krijgt,e07_med_voorgeschiedenis,,yesno,Ontvangt momenteel mantelzorg,,,,,,,,,,,,,
e07_mantel_door,e07_med_voorgeschiedenis,,radio,Mantelzorg door,"1, Partner|2, Familie|3, Vriend|4, Andere",,,,,,[e07_mantel_krijgt] = '1',,,,,,
e07_mantel_geeft,e07_med_voorgeschiedenis,,yesno,Verleent zelf mantelzorg aan iemand anders,,,,,,,,,,,,,
e07_werk,e07_med_voorgeschiedenis,,radio,Werkstatus,"1, Voltijds werkzaam|2, Deeltijds werkzaam|3, Werkzoekend|4, Gepensioneerd|5, Arbeidsongeschikt|6, Andere",,,,,,,,,,,,
e07_wonen,e07_med_voorgeschiedenis,,radio,Woonomgeving,"1, Zelfstandig thuiswonend|2, Thuis met partner of familie|3, Serviceflat|4, Woonzorgcentrum|5, Andere",,,,,,,,,,,,
e07_geboorteland,e07_med_voorgeschiedenis,,text,Geboorteland,,,,,,,,,,,,,
e07_dm_type,e07_med_voorgeschiedenis,2. Medische voorgeschiedenis,radio,Type diabetes,"1, Type 1|2, Type 2",,,,,,,,,,,,
e07_dm_diagnose,e07_med_voorgeschiedenis,,text,Jaar van diagnose diabetes,,,integer,1900,2030,,,,,,,,
e07_hba1c,e07_med_voorgeschiedenis,,text,Laatste HbA1c (%),,,number_1dp,3,20,,,,,,,,
e07_hba1c_datum,e07_med_voorgeschiedenis,,text,Datum van de HbA1c-bepaling,,,date_dmy,,,,,,,,,,
e07_roken,e07_med_voorgeschiedenis,,radio,Rookstatus,"1, Nooit gerookt|2, Ex-roker|3, Huidige roker",,,,,,,,,,,,
e07_sigaretten,e07_med_voorgeschiedenis,,text,Aantal sigaretten per dag,,,integer,0,,,[e07_roken] = '3',,,,,,
e07_gestopt_jaren,e07_med_voorgeschiedenis,,text,Aantal jaren gestopt,,,integer,0,,,[e07_roken] = '2',,,,,,
e07_alcohol,e07_med_voorgeschiedenis,,text,Alcoholconsumpties per week,,,integer,0,,,,,,,,,
e07_retinopathie,e07_med_voorgeschiedenis,2b. Complicaties,yesno,Retinopathie,,,,,,,,,,,,,
e07_maculopathie,e07_med_voorgeschiedenis,,yesno,Maculopathie,,,,,,,,,,,,,
e07_visueel,e07_med_voorgeschiedenis,,yesno,Visuele beperking,,,,,,,,,,,,,
e07_nefropathie,e07_med_voorgeschiedenis,,yesno,Nefropathie,,,,,,,,,,,,,
e07_egfr,e07_med_voorgeschiedenis,,text,"eGFR (mL/min/1,73m2)",,,number_1dp,0,200,,,,,,,,
e07_egfr_datum,e07_med_voorgeschiedenis,,text,Datum van de eGFR-bepaling,,,date_dmy,,,,,,,,,,
e07_ckd,e07_med_voorgeschiedenis,,radio,CKD-stadium volgens KDIGO,"1, G1|2, G2|3, G3a|4, G3b|5, G4|6, G5|7, Onbekend",,,,,,,,,,,,
e07_hart,e07_med_voorgeschiedenis,,yesno,"Hartaandoening, bijvoorbeeld hartfalen of coronaire hartziekte",,,,,,,,,,,,,
e07_mono_li,e07_med_voorgeschiedenis,2c. Neuropathie en vasculopathie,text,"Monofilament 10 g, links: aantal van 3 sites gevoeld",,"Plantair hallux, metatarsaalkop 1 en metatarsaalkop 5",integer,0,3,,,,,,,,
e07_mono_re,e07_med_voorgeschiedenis,,text,"Monofilament 10 g, rechts: aantal van 3 sites gevoeld",,,integer,0,3,,,,,,,,
e07_stemvork_li,e07_med_voorgeschiedenis,,yesno,"Stemvork 128 Hz gevoeld, links",,Dorsaal distale falanx hallux of MTP 1,,,,,,,,,,,
e07_stemvork_re,e07_med_voorgeschiedenis,,yesno,"Stemvork 128 Hz gevoeld, rechts",,,,,,,,,,,,,
e07_puls_dp_li,e07_med_voorgeschiedenis,,radio,"Pulsaties a. dorsalis pedis, links","1, Aanwezig|2, Afwezig|3, Niet beoordeelbaar",,,,,,,,,,,,
e07_puls_dp_re,e07_med_voorgeschiedenis,,radio,"Pulsaties a. dorsalis pedis, rechts","1, Aanwezig|2, Afwezig|3, Niet beoordeelbaar",,,,,,,,,,,,
e07_puls_tp_li,e07_med_voorgeschiedenis,,radio,"Pulsaties a. tibialis posterior, links","1, Aanwezig|2, Afwezig|3, Niet beoordeelbaar",,,,,,,,,,,,
e07_puls_tp_re,e07_med_voorgeschiedenis,,radio,"Pulsaties a. tibialis posterior, rechts","1, Aanwezig|2, Afwezig|3, Niet beoordeelbaar",,,,,,,,,,,,
e07_eai_li,e07_med_voorgeschiedenis,,text,Enkel-armindex links,,,number_2dp,0,2,,,,,,,,
e07_eai_re,e07_med_voorgeschiedenis,,text,Enkel-armindex rechts,,,number_2dp,0,2,,,,,,,,
e07_pad,e07_med_voorgeschiedenis,,yesno,Diagnose perifeer arterieel vaatlijden volgens de behandelend arts,,,,,,,,,,,,,
e07_deform,e07_med_voorgeschiedenis,2d. Voet,checkbox,"Voetdeformiteiten, aanvinken indien aanwezig","1, Atrofie van de kleine voetspieren|2, Teendeformiteiten|3, Prominente metatarsaalkoppen|4, Botprominenties|5, Middenvoetdeformiteit, bijvoorbeeld Charcot|6, Andere structurele deformiteit, cavus of amputatie",,,,,,,,,,,,
e07_rom_hallux,e07_med_voorgeschiedenis,,text,Dorsiflexie ROM hallux (graden),,,integer,-50,120,,,,,,,,
e07_rom_ttg,e07_med_voorgeschiedenis,,text,Dorsiflexie ROM talocruraal gewricht (graden),,,integer,-50,120,,,,,,,,
e07_vetpad,e07_med_voorgeschiedenis,,yesno,Atrofie van het vetpad,,,,,,,,,,,,,
e07_eelt,e07_med_voorgeschiedenis,,radio,Eeltvorming,"1, Nee|2, Beperkt|3, Veel",,,,,,,,,,,,
e07_risico,e07_med_voorgeschiedenis,,radio,IWGDF-risicocategorie,"1, 0|2, 1|3, 2a|4, 2b|5, 3",,,,,,,,,,,,
e07_ulcus_locatie,e07_med_voorgeschiedenis,2e. Kwalificerend ulcus,text,Locatie van het kwalificerende ulcus,,"Het meest recente genezen ulcus vóór inclusie, zie ook eCRF 06",,,,,,,,,,,
e07_ulcus_zijde,e07_med_voorgeschiedenis,,radio,Zijde,"1, Links|2, Rechts",,,,,,,,,,,,
e07_ulcus_ontstaan,e07_med_voorgeschiedenis,,text,Datum van ontstaan,,,date_dmy,,,,,,,,,,
e07_ulcus_genezing,e07_med_voorgeschiedenis,,text,Datum van genezing,,,date_dmy,,,,,,,,,,
e07_ulcus_opp,e07_med_voorgeschiedenis,,text,Grootste afmeting bij diagnose (cm2),,Indien gekend,number_2dp,0,200,,,,,,,,
e07_ulcus_diepte,e07_med_voorgeschiedenis,,radio,Diepte,"1, Oppervlakkig, huid|2, Tot pees of kapsel|3, Tot bot of gewricht|4, Onbekend",,,,,,,,,,,,
e07_ulcus_osteo,e07_med_voorgeschiedenis,,radio,Osteomyelitis vastgesteld,"1, Ja|2, Nee|3, Onbekend",,,,,,,,,,,,
e07_ulcus_cellulitis,e07_med_voorgeschiedenis,,radio,Wekedeleninfectie of cellulitis vastgesteld,"1, Ja|2, Nee|3, Onbekend",,,,,,,,,,,,
e07_ulcus_aantal,e07_med_voorgeschiedenis,,text,Aantal eerdere voetulcera,,,integer,0,,,,,,,,,
e07_amputatie,e07_med_voorgeschiedenis,,yesno,Eerdere amputatie,,,,,,,,,,,,,
e07_amputatie_wat,e07_med_voorgeschiedenis,,text,Welke amputatie en wanneer,,,,,,,[e07_amputatie] = '1',,,,,,
e07_insuline,e07_med_voorgeschiedenis,2f. Medicatie,yesno,Insuline,,,,,,,,,,,,,
e07_oraal,e07_med_voorgeschiedenis,,yesno,Orale glucoseverlagende medicatie,,,,,,,,,,,,,
e07_oraal_welke,e07_med_voorgeschiedenis,,text,Welke orale medicatie,,,,,,,[e07_oraal] = '1',,,,,,
e07_injectable,e07_med_voorgeschiedenis,,yesno,"Niet-insuline injectables, bijvoorbeeld GLP-1-agonist",,,,,,,,,,,,,
e07_inject_welke,e07_med_voorgeschiedenis,,text,Welke injectables,,,,,,,[e07_injectable] = '1',,,,,,
e07_ab,e07_med_voorgeschiedenis,,yesno,Huidig gebruik van antibiotica,,,,,,,,,,,,,
e07_ab_welke,e07_med_voorgeschiedenis,,text,Welke antibiotica en sinds wanneer,,,,,,,[e07_ab] = '1',,,,,,
e07_opmerkingen,e07_med_voorgeschiedenis,3. Opmerkingen,notes,Opmerkingen,,,,,,,,,,,,,
e07_door,e07_med_voorgeschiedenis,,text,Ingevoerd door (initialen),,Initialen van het studieteamlid dat overzet,,,,,,,,,,,
e08_datum,e08_voet_schoeisel,,text,Datum van de screening,,"dd-mm-jjjj, zoals op het papieren werkblad",date_dmy,,,,,y,,,,,
e08_mono_li,e08_voet_schoeisel,1. Neuropathie,text,"Monofilament 10 g, links: aantal van 3 sites gevoeld",,,integer,0,3,,,,,,,,
e08_mono_re,e08_voet_schoeisel,,text,"Monofilament 10 g, rechts: aantal van 3 sites gevoeld",,,integer,0,3,,,,,,,,
e08_stemvork_li,e08_voet_schoeisel,,yesno,"Stemvork 128 Hz gevoeld, links",,,,,,,,,,,,,
e08_stemvork_re,e08_voet_schoeisel,,yesno,"Stemvork 128 Hz gevoeld, rechts",,,,,,,,,,,,,
e08_puls_tp_li,e08_voet_schoeisel,2. Vasculopathie,radio,"Pulsaties a. tibialis posterior, links","1, Aanwezig|2, Afwezig|3, Niet beoordeelbaar",,,,,,,,,,,,
e08_puls_tp_re,e08_voet_schoeisel,,radio,"Pulsaties a. tibialis posterior, rechts","1, Aanwezig|2, Afwezig|3, Niet beoordeelbaar",,,,,,,,,,,,
e08_puls_dp_li,e08_voet_schoeisel,,radio,"Pulsaties a. dorsalis pedis, links","1, Aanwezig|2, Afwezig|3, Niet beoordeelbaar",,,,,,,,,,,,
e08_puls_dp_re,e08_voet_schoeisel,,radio,"Pulsaties a. dorsalis pedis, rechts","1, Aanwezig|2, Afwezig|3, Niet beoordeelbaar",,,,,,,,,,,,
e08_eai_li,e08_voet_schoeisel,,text,Enkel-armindex links,,"Normaal 0,90 tot 1,30; verdenking PAD onder 0,90; ernstige ischemie onder 0,50",number_2dp,0,2,,,,,,,,
e08_eai_re,e08_voet_schoeisel,,text,Enkel-armindex rechts,,,number_2dp,0,2,,,,,,,,
e08_kleur,e08_voet_schoeisel,3. Huid en nagels,text,Kleur van de huid,,,,,,,,,,,,,
e08_temperatuur,e08_voet_schoeisel,,text,Temperatuur van de huid,,,,,,,,,,,,,
e08_eelt,e08_voet_schoeisel,,radio,Eeltvorming,"1, Nee|2, Beperkt|3, Veel",,,,,,,,,,,,
e08_huidletsel,e08_voet_schoeisel,,yesno,Huidletsels of ulceraties aanwezig,,,,,,,,,,,,,
e08_schimmel,e08_voet_schoeisel,,yesno,Schimmelinfectie van de huid,,,,,,,,,,,,,
e08_nagels,e08_voet_schoeisel,,text,Status van de nagels,,,,,,,,,,,,,
e08_huidzorg,e08_voet_schoeisel,,radio,Status van de huidzorg,"1, Zeer goed|2, Goed|3, Matig|4, Slecht",,,,,,,,,,,,
e08_zorg,e08_voet_schoeisel,4. Toegepaste zorg,checkbox,Toegepaste voetzorg,"1, Nagelzorg|2, Debridement van eelt|3, Hydratie|4, Opvolging via perifere podoloog of pedicure",,,,,,,,,,,,
e08_fotos,e08_voet_schoeisel,,yesno,Digitale foto’s van beide voeten genomen,,"Bilateraal plantair, dorsaal, mediaal en lateraal",,,,,,,,,,,
e08_ulcus,e08_voet_schoeisel,5. Screening voetulceraties,yesno,Ulcus aanwezig,,Indien ja: eCRF 36 en 38 invullen en het ulcus-event openen,,,,,,,,,,,
e08_orthopedisch,e08_voet_schoeisel,6. Schoeisel,yesno,Gevalideerd orthopedisch schoeisel,,,,,,,,,,,,,
e08_semi,e08_voet_schoeisel,,yesno,Gevalideerd semi-orthopedisch schoeisel,,,,,,,,,,,,,
e08_confectie,e08_voet_schoeisel,,yesno,Gevalideerd confectieschoeisel,,,,,,,,,,,,,
e08_bestaand,e08_voet_schoeisel,,yesno,Betreft het bestaand schoeisel van de deelnemer,,,,,,,,,,,,,
e08_cmfo_past,e08_voet_schoeisel,,radio,Past de nieuwe CMFO in dit schoeisel,"1, Ja|2, Nee, zool wordt aangepast|3, Nee, ander schoeisel nodig|4, Nee, deelnemer kan niet geïncludeerd worden|5, Nog niet beoordeeld",Bestaand orthopedisch schoeisel mag blijven zolang de nieuwe CMFO erin past,,,,,,,,,,,
e08_aanpassing,e08_voet_schoeisel,,yesno,Nood aan schoenaanpassingen,,,,,,,,,,,,,
e08_nieuw_ortho,e08_voet_schoeisel,,yesno,Nieuw te valideren orthopedisch schoeisel,,,,,,,,,,,,,
e08_nieuw_semi,e08_voet_schoeisel,,yesno,Nieuw te valideren semi-orthopedisch schoeisel,,,,,,,,,,,,,
e08_steunzool,e08_voet_schoeisel,,yesno,Multidensiteit diabetessteunzool aanwezig,,,,,,,,,,,,,
e08_opmerkingen,e08_voet_schoeisel,7. Opmerkingen,notes,Opmerkingen,,,,,,,,,,,,,
e08_door,e08_voet_schoeisel,,text,Ingevoerd door (initialen),,Initialen van het studieteamlid dat overzet,,,,,,,,,,,
e09_datum,e09_drukmeting_baseline,,text,Datum van de meting,,"dd-mm-jjjj, zoals op het papieren werkblad",date_dmy,,,,,y,,,,,
e09_aantal,e09_drukmeting_baseline,1. Meetopzet,text,Aantal uitgevoerde metingen,,"Protocol schrijft drie metingen voor, waaruit één gemiddeld piekdrukbeeld per voet berekend wordt",integer,1,,,,y,,,,,
e09_schoeisel,e09_drukmeting_baseline,,text,Schoeisel waarin gemeten is,,"Het schoeisel waarmee de deelnemer binnenkomt, zónder de CMFO",,,,,,,,,,,
e09_snelheid,e09_drukmeting_baseline,,text,Loopsnelheid (m/s),,Comfortsnelheid; bij opvolging binnen 5% van deze waarde houden,number_2dp,0.1,3,,,,,,,,
e09_piek_hiel_li,e09_drukmeting_baseline,"2. Gemiddelde piekdruk per regio, in-shoe zónder de CMFO",text,"Hiel, links",,"In kPa, per regio uit de Multimask. Links en rechts worden tegelijk opgenomen en per voet apart uitgelezen",number_1dp,0,,,,,,,,,
e09_piek_hiel_re,e09_drukmeting_baseline,,text,"Hiel, rechts",,,number_1dp,0,,,,,,,,,
e09_piek_midmed_li,e09_drukmeting_baseline,,text,"Mediale middenvoet, links",,,number_1dp,0,,,,,,,,,
e09_piek_midmed_re,e09_drukmeting_baseline,,text,"Mediale middenvoet, rechts",,,number_1dp,0,,,,,,,,,
e09_piek_midlat_li,e09_drukmeting_baseline,,text,"Laterale middenvoet, links",,,number_1dp,0,,,,,,,,,
e09_piek_midlat_re,e09_drukmeting_baseline,,text,"Laterale middenvoet, rechts",,,number_1dp,0,,,,,,,,,
e09_piek_mt1_li,e09_drukmeting_baseline,,text,"Metatarsaal 1, links",,,number_1dp,0,,,,,,,,,
e09_piek_mt1_re,e09_drukmeting_baseline,,text,"Metatarsaal 1, rechts",,,number_1dp,0,,,,,,,,,
e09_piek_mt23_li,e09_drukmeting_baseline,,text,"Metatarsaal 2-3, links",,,number_1dp,0,,,,,,,,,
e09_piek_mt23_re,e09_drukmeting_baseline,,text,"Metatarsaal 2-3, rechts",,,number_1dp,0,,,,,,,,,
e09_piek_mt45_li,e09_drukmeting_baseline,,text,"Metatarsaal 4-5, links",,,number_1dp,0,,,,,,,,,
e09_piek_mt45_re,e09_drukmeting_baseline,,text,"Metatarsaal 4-5, rechts",,,number_1dp,0,,,,,,,,,
e09_piek_hallux_li,e09_drukmeting_baseline,,text,"Hallux, links",,,number_1dp,0,,,,,,,,,
e09_piek_hallux_re,e09_drukmeting_baseline,,text,"Hallux, rechts",,,number_1dp,0,,,,,,,,,
e09_piek_tenen_li,e09_drukmeting_baseline,,text,"Tenen 2-5, links",,,number_1dp,0,,,,,,,,,
e09_piek_tenen_re,e09_drukmeting_baseline,,text,"Tenen 2-5, rechts",,,number_1dp,0,,,,,,,,,
e09_d1_regio,e09_drukmeting_baseline,3. De drie doelregio’s,dropdown,Doelregio 1,"1, Hiel|2, Mediale middenvoet|3, Laterale middenvoet|4, Metatarsaal 1|5, Metatarsaal 2-3|6, Metatarsaal 4-5|7, Hallux|8, Tenen 2-5",,,,,,,,,,,,
e09_d1_zijde,e09_drukmeting_baseline,,radio,Doelregio 1 — zijde,"1, Links|2, Rechts",,,,,,,,,,,,
e09_d1_ulcus,e09_drukmeting_baseline,,yesno,Doelregio 1 — voorgeschiedenis van voetzweer op deze regio,,,,,,,,,,,,,
e09_d1_zonder,e09_drukmeting_baseline,,text,Doelregio 1 — piekdruk zónder de CMFO (kPa),,,number_1dp,0,,,,,,,,,
e09_d1_met,e09_drukmeting_baseline,,text,Doelregio 1 — piekdruk mét de CMFO (kPa),,,number_1dp,0,,,,,,,,,
e09_d2_regio,e09_drukmeting_baseline,,dropdown,Doelregio 2,"1, Hiel|2, Mediale middenvoet|3, Laterale middenvoet|4, Metatarsaal 1|5, Metatarsaal 2-3|6, Metatarsaal 4-5|7, Hallux|8, Tenen 2-5",,,,,,,,,,,,
e09_d2_zijde,e09_drukmeting_baseline,,radio,Doelregio 2 — zijde,"1, Links|2, Rechts",,,,,,,,,,,,
e09_d2_ulcus,e09_drukmeting_baseline,,yesno,Doelregio 2 — voorgeschiedenis van voetzweer op deze regio,,,,,,,,,,,,,
e09_d2_zonder,e09_drukmeting_baseline,,text,Doelregio 2 — piekdruk zónder de CMFO (kPa),,,number_1dp,0,,,,,,,,,
e09_d2_met,e09_drukmeting_baseline,,text,Doelregio 2 — piekdruk mét de CMFO (kPa),,,number_1dp,0,,,,,,,,,
e09_d3_regio,e09_drukmeting_baseline,,dropdown,Doelregio 3,"1, Hiel|2, Mediale middenvoet|3, Laterale middenvoet|4, Metatarsaal 1|5, Metatarsaal 2-3|6, Metatarsaal 4-5|7, Hallux|8, Tenen 2-5",,,,,,,,,,,,
e09_d3_zijde,e09_drukmeting_baseline,,radio,Doelregio 3 — zijde,"1, Links|2, Rechts",,,,,,,,,,,,
e09_d3_ulcus,e09_drukmeting_baseline,,yesno,Doelregio 3 — voorgeschiedenis van voetzweer op deze regio,,,,,,,,,,,,,
e09_d3_zonder,e09_drukmeting_baseline,,text,Doelregio 3 — piekdruk zónder de CMFO (kPa),,,number_1dp,0,,,,,,,,,
e09_d3_met,e09_drukmeting_baseline,,text,Doelregio 3 — piekdruk mét de CMFO (kPa),,,number_1dp,0,,,,,,,,,
e09_opmerkingen,e09_drukmeting_baseline,4. Opmerkingen,notes,Opmerkingen,,,,,,,,,,,,,
e09_door,e09_drukmeting_baseline,,text,Ingevoerd door (initialen),,Initialen van het studieteamlid dat overzet,,,,,,,,,,,
e10_datum,e10_voorschrift_cmfo,,text,Datum van het voorschrift,,"dd-mm-jjjj, zoals op het papieren werkblad",date_dmy,,,,,y,,,,,
e10_def1_li,e10_voorschrift_cmfo,1. Voetscreening,yesno,"Atrofie intrinsieke voetspieren, links",,,,,,,,,,,,,
e10_def1_re,e10_voorschrift_cmfo,,yesno,"Atrofie intrinsieke voetspieren, rechts",,,,,,,,,,,,,
e10_def2_li,e10_voorschrift_cmfo,,yesno,"Teendeformiteiten, links",,,,,,,,,,,,,
e10_def2_re,e10_voorschrift_cmfo,,yesno,"Teendeformiteiten, rechts",,,,,,,,,,,,,
e10_def3_li,e10_voorschrift_cmfo,,yesno,"Prominente metatarsaalkoppen, links",,,,,,,,,,,,,
e10_def3_re,e10_voorschrift_cmfo,,yesno,"Prominente metatarsaalkoppen, rechts",,,,,,,,,,,,,
e10_def4_li,e10_voorschrift_cmfo,,yesno,"Prominente botuitsteeksels, links",,,,,,,,,,,,,
e10_def4_re,e10_voorschrift_cmfo,,yesno,"Prominente botuitsteeksels, rechts",,,,,,,,,,,,,
e10_def5_li,e10_voorschrift_cmfo,,yesno,"Deformiteiten middenvoet, links",,,,,,,,,,,,,
e10_def5_re,e10_voorschrift_cmfo,,yesno,"Deformiteiten middenvoet, rechts",,,,,,,,,,,,,
e10_def6_li,e10_voorschrift_cmfo,,yesno,"Andere structurele deformiteiten, bijvoorbeeld amputatie, links",,,,,,,,,,,,,
e10_def6_re,e10_voorschrift_cmfo,,yesno,"Andere structurele deformiteiten, bijvoorbeeld amputatie, rechts",,,,,,,,,,,,,
e10_schoentype,e10_voorschrift_cmfo,2. Voorschrift,radio,Schoentype waarin de CMFO komt,"1, Volledig op maat gemaakte schoen|2, Semi-orthopedische schoen|3, Confectieschoen met extra diepte",Bepaalt de opbouw van de basislaag,,,,,,y,,,,,
e10_basis,e10_voorschrift_cmfo,,radio,Basislaag,"1, 5 mm microkurk shore 55 met 5 mm EVA shore 35-40|2, 6 mm EVA shore 35-40, zonder kurk|3, Vergelijkbaar materiaal, zie opmerkingen",Maatschoen: kurk plus EVA. Confectieschoen: alleen EVA,,,,,,,,,,,
e10_deklaag,e10_voorschrift_cmfo,,yesno,"Deklaag 3 mm gesloten-cellig op 3 mm open-cellig, over de volledige lengte",,Bijvoorbeeld Plastazote LD45 op PPT,,,,,,,,,,,
e10_mtsteun,e10_voorschrift_cmfo,,radio,Metatarsale ondersteuning,"1, Metatarsaalbar die alle kopjes ondersteunt|2, Lokale pad of koepel|3, Geen",,,,,,,,,,,,
e10_mt_hoogte,e10_voorschrift_cmfo,,text,Hoogte van de metatarsaalbar (mm),,Voorschrift: 9 tot 10 mm,number_1dp,0,30,,[e10_mtsteun] = '1',,,,,,
e10_mt_positie,e10_voorschrift_cmfo,,text,Positie proximaal van de metatarsaalkop (mm),,"Voorschrift: 6 tot 11 mm, in statische positie",number_1dp,0,50,,[e10_mtsteun] = '1',,,,,,
e10_mt_materiaal,e10_voorschrift_cmfo,,text,Materiaal van de ondersteuning,,"EVA, kurk of vergelijkbaar, shore 55",,,,,[e10_mtsteun] <> '3',,,,,,
e10_afwijkend,e10_voorschrift_cmfo,3. Afwijkingen,yesno,Afwijkend materiaal gebruikt,,,,,,,,,,,,,
e10_afwijkend_wat,e10_voorschrift_cmfo,,notes,Welk materiaal en waarom,,"Alternatieven mogen, mits vergelijkbare samendrukbaarheid en duurzaamheid",,,,,[e10_afwijkend] = '1',,,,,,
e10_voorschrijver,e10_voorschrift_cmfo,,text,Voorgeschreven door,,,,,,,,,,,,,
e10_opmerkingen,e10_voorschrift_cmfo,,notes,Opmerkingen,,,,,,,,,,,,,
e10_door,e10_voorschrift_cmfo,,text,Ingevoerd door (initialen),,Initialen van het studieteamlid dat overzet,,,,,,,,,,,
e12_datum,e12_vas_tevredenheid,,text,Datum van afname,,"dd-mm-jjjj, zoals op het papieren werkblad",date_dmy,,,,,y,,,,,
e12_vas,e12_vas_tevredenheid,Tevredenheid over ulcuspreventie (VAS),text,"Op een schaal van 0 tot 10, hoe tevreden bent u in het algemeen met de zorg die u tot nu toe hebt ontvangen?",,"0 = helemaal niet tevreden, 10 = uiterst tevreden",integer,0,10,,,y,,,,,
e12_door,e12_vas_tevredenheid,,text,Ingevoerd door (initialen),,Initialen van het studieteamlid dat overzet,,,,,,,,,,,
e13_datum,e13_gebruik_schoeisel,,text,Datum van afname,,"dd-mm-jjjj, zoals op het papieren werkblad",date_dmy,,,,,y,,,,,
e13_bron,e13_gebruik_schoeisel,Bronvermelding,descriptive,"<b>Deel A</b> naar van Netten e.a., J Rehabil Med 2009;41(11):913-8. <b>Deel B</b> naar Keyworth e.a., Br J Health Psychol 2020;25(3):474-501.",,,,,,,,,,,,,
e13_a1_1,e13_gebruik_schoeisel,"Deel A, vraag 1. Hoeveel last heeft u van de volgende eigenschappen tijdens het lopen op uw schoenen",radio,"Vraag 1 — huidirritatie, zoals roodheid, drukplekken, blaren en eelt","1, Heel weinig|2, Weinig|3, Neutraal|4, Veel|5, Heel veel",,,,,,,,,,e13_last,,
e13_a1_2,e13_gebruik_schoeisel,,radio,Vraag 1 — zweten,"1, Heel weinig|2, Weinig|3, Neutraal|4, Veel|5, Heel veel",,,,,,,,,,e13_last,,
e13_a1_3,e13_gebruik_schoeisel,,radio,Vraag 1 — koude voeten,"1, Heel weinig|2, Weinig|3, Neutraal|4, Veel|5, Heel veel",,,,,,,,,,e13_last,,
e13_a1_4,e13_gebruik_schoeisel,,radio,Vraag 1 — gewicht van de schoenen,"1, Heel weinig|2, Weinig|3, Neutraal|4, Veel|5, Heel veel",,,,,,,,,,e13_last,,
e13_a1_5,e13_gebruik_schoeisel,,radio,Vraag 1 — aan- en uittrekken van de schoenen,"1, Heel weinig|2, Weinig|3, Neutraal|4, Veel|5, Heel veel",,,,,,,,,,e13_last,,
e13_a2,e13_gebruik_schoeisel,,radio,Vraag 2. Wat vindt u van het uiterlijk van uw schoenen,"1, Heel lelijk|2, Lelijk|3, Neutraal|4, Mooi|5, Heel mooi",,,,,,,,,,,,
e13_a3,e13_gebruik_schoeisel,,radio,Vraag 3. Wat vindt u van het onderhoud van uw schoenen,"1, Heel moeilijk te onderhouden|2, Moeilijk te onderhouden|3, Neutraal|4, Makkelijk te onderhouden|5, Heel makkelijk te onderhouden",,,,,,,,,,,,
e13_a4,e13_gebruik_schoeisel,,radio,Vraag 4. Wat vindt u van de duurzaamheid van uw schoenen,"1, Helemaal niet duurzaam|2, Weinig duurzaam|3, Neutraal|4, Duurzaam|5, Heel erg duurzaam",,,,,,,,,,,,
e13_a5,e13_gebruik_schoeisel,,radio,Vraag 5. Hoe vaak draagt u gemiddeld uw schoenen buitenshuis,"1, 6-7 dagen per week|2, 4-5 dagen per week|3, 2-3 dagen per week|4, 1 dag per week|5, Nooit",,,,,,,,,,,,
e13_a6,e13_gebruik_schoeisel,,radio,Vraag 6. Hoe vaak draagt u gemiddeld uw schoenen binnenshuis,"1, 6-7 dagen per week|2, 4-5 dagen per week|3, 2-3 dagen per week|4, 1 dag per week|5, Nooit",,,,,,,,,,,,
e13_a7,e13_gebruik_schoeisel,,radio,Vraag 7. Hoeveel uur per dag draagt u gemiddeld uw schoenen,"1, Meer dan 12 uur per dag|2, Tussen 8 en 12 uur per dag|3, Tussen 4 en 8 uur per dag|4, Tussen 1 en 4 uur per dag|5, Geen enkel uur",,,,,,,,,,,,
e13_a8,e13_gebruik_schoeisel,,notes,"Vraag 8. Indien u uw schoenen niet of beperkt draagt, wat is daar de reden van",,,,,,,,,,,,,
e13_a9_1,e13_gebruik_schoeisel,Vraag 9. Hoe belangrijk zijn de volgende eigenschappen van uw schoenen voor u,radio,Vraag 9 — voorkomen van huidirritatie,"1, Zeer onbelangrijk|2, Onbelangrijk|3, Neutraal|4, Belangrijk|5, Zeer belangrijk",,,,,,,,,,e13_belang,,
e13_a9_2,e13_gebruik_schoeisel,,radio,Vraag 9 — voorkomen van wonden,"1, Zeer onbelangrijk|2, Onbelangrijk|3, Neutraal|4, Belangrijk|5, Zeer belangrijk",,,,,,,,,,e13_belang,,
e13_a9_3,e13_gebruik_schoeisel,,radio,Vraag 9 — voorkomen van of minder zweten,"1, Zeer onbelangrijk|2, Onbelangrijk|3, Neutraal|4, Belangrijk|5, Zeer belangrijk",,,,,,,,,,e13_belang,,
e13_a9_4,e13_gebruik_schoeisel,,radio,Vraag 9 — voorkomen van of minder koude voeten,"1, Zeer onbelangrijk|2, Onbelangrijk|3, Neutraal|4, Belangrijk|5, Zeer belangrijk",,,,,,,,,,e13_belang,,
e13_a9_5,e13_gebruik_schoeisel,,radio,Vraag 9 — gewicht van de schoenen,"1, Zeer onbelangrijk|2, Onbelangrijk|3, Neutraal|4, Belangrijk|5, Zeer belangrijk",,,,,,,,,,e13_belang,,
e13_a9_6,e13_gebruik_schoeisel,,radio,Vraag 9 — aan- en uittrekken van de schoenen,"1, Zeer onbelangrijk|2, Onbelangrijk|3, Neutraal|4, Belangrijk|5, Zeer belangrijk",,,,,,,,,,e13_belang,,
e13_a9_7,e13_gebruik_schoeisel,,radio,Vraag 9 — uiterlijk,"1, Zeer onbelangrijk|2, Onbelangrijk|3, Neutraal|4, Belangrijk|5, Zeer belangrijk",,,,,,,,,,e13_belang,,
e13_a9_8,e13_gebruik_schoeisel,,radio,Vraag 9 — soepelheid of stugheid van het materiaal,"1, Zeer onbelangrijk|2, Onbelangrijk|3, Neutraal|4, Belangrijk|5, Zeer belangrijk",,,,,,,,,,e13_belang,,
e13_a9_9,e13_gebruik_schoeisel,,radio,Vraag 9 — onderhoud,"1, Zeer onbelangrijk|2, Onbelangrijk|3, Neutraal|4, Belangrijk|5, Zeer belangrijk",,,,,,,,,,e13_belang,,
e13_a9_10,e13_gebruik_schoeisel,,radio,Vraag 9 — duurzaamheid,"1, Zeer onbelangrijk|2, Onbelangrijk|3, Neutraal|4, Belangrijk|5, Zeer belangrijk",,,,,,,,,,e13_belang,,
e13_a10,e13_gebruik_schoeisel,,radio,Vraag 10. Welke van bovengenoemde eigenschappen vindt u het belangrijkst,"1, Voorkomen van huidirritatie|2, Voorkomen van wonden|3, Voorkomen van of minder zweten|4, Voorkomen van of minder koude voeten|5, Gewicht van de schoenen|6, Aan- en uittrekken van de schoenen|7, Uiterlijk|8, Soepelheid of stugheid van het materiaal|9, Onderhoud|10, Duurzaamheid|11, Anders",Eén antwoord mogelijk,,,,,,,,,,,
e13_a10_anders,e13_gebruik_schoeisel,,text,"Anders, namelijk",,,,,,,[e13_a10] = '11',,,,,,
e13_a11,e13_gebruik_schoeisel,,radio,Vraag 11. Wat vindt u belangrijker,"1, Dat uw schoenen er mooi uitzien|2, Dat uw schoenen comfortabel zijn in gebruik|3, Dat uw schoenen uw voetproblemen voorkomen of oplossen|4, Alle drie even belangrijk",,,,,,,,,,,,
e13_b_fys_omg,e13_gebruik_schoeisel,"Deel B, gebruik van de schoenen. 0 = heel erg mee oneens, 10 = heel erg mee eens",text,Vraag 1. Ik heb de fysieke mogelijkheden om mijn schoenen altijd te dragen,,"De omgeving biedt de mogelijkheid: genoeg tijd, herinnering, enzovoort",integer,0,10,,,,,,,,
e13_b_soc,e13_gebruik_schoeisel,,text,Vraag 2. Ik heb de sociale mogelijkheden om mijn schoenen altijd te dragen,,"Hulp van familie en vrienden, culturele normen, de mening van anderen",integer,0,10,,,,,,,,
e13_b_mot,e13_gebruik_schoeisel,,text,Vraag 3. Ik ben gemotiveerd om mijn schoenen altijd te dragen,,U hebt de wens en voelt de behoefte om de schoenen te dragen,integer,0,10,,,,,,,,
e13_b_auto,e13_gebruik_schoeisel,,text,"Vraag 4. Ik draag mijn schoenen altijd automatisch, zonder erbij na te denken",,Zonder nadenken of herinnering,integer,0,10,,,,,,,,
e13_b_fys_kun,e13_gebruik_schoeisel,,text,Vraag 5. Ik ben fysiek in staat om mijn schoenen altijd te dragen,,"Vaardigheden, kracht en uithoudingsvermogen",integer,0,10,,,,,,,,
e13_b_ment,e13_gebruik_schoeisel,,text,Vraag 6. Ik ben mentaal in staat om mijn schoenen altijd te dragen,,"Kennis, mentale vaardigheden en mentale kracht",integer,0,10,,,,,,,,
e13_door,e13_gebruik_schoeisel,,text,Ingevoerd door (initialen),,Initialen van het studieteamlid dat overzet,,,,,,,,,,,
e14_datum,e14_naff,,text,Datum van afname,,"dd-mm-jjjj, zoals op het papieren werkblad",date_dmy,,,,,y,,,,,
e14_intro,e14_naff,Nottingham Assessment of Functional Foot Care,descriptive,We willen graag weten wat u doet om uw voeten te verzorgen. Duid de categorie aan die het best weergeeft wat u daadwerkelijk doet. Beantwoord elke vraag.,,,,,,,,,,,,,
e14_q01,e14_naff,,radio,1. Controleert u uw voeten wel eens,"1, Meer dan één keer per dag|2, Één keer per dag|3, 2-6 keer per week|4, Één keer per week of minder",,,,,,,y,,,,,
e14_q02,e14_naff,,radio,2. Controleert u uw schoenen vóór u ze aantrekt,"1, Vaak|2, Soms|3, Zelden|4, Nooit",,,,,,,y,,,,,
e14_q03,e14_naff,,radio,3. Controleert u uw schoenen wanneer u ze uittrekt,"1, Vaak|2, Soms|3, Zelden|4, Nooit",,,,,,,y,,,,,
e14_q04,e14_naff,,radio,4. Wast u uw voeten,"1, Meer dan één keer per dag|2, Één keer per dag|3, Op de meeste dagen|4, Enkele dagen per week",,,,,,,y,,,,,
e14_q05,e14_naff,,radio,5. Controleert u of uw voeten droog zijn na het wassen,"1, Vaak|2, Soms|3, Zelden|4, Nooit",,,,,,,y,,,,,
e14_q06,e14_naff,,radio,6. Droogt u tussen uw tenen,"1, Altijd|2, Vaak|3, Soms|4, Zelden of nooit",,,,,,,y,,,,,
e14_q07,e14_naff,,radio,7. Gebruikt u hydraterende crème op uw voeten,"1, Dagelijks|2, Één keer per week|3, Ongeveer één keer per maand|4, Nooit",,,,,,,y,,,,,
e14_q08,e14_naff,,radio,8. Brengt u hydraterende crème aan tussen uw tenen,"1, Dagelijks|2, Ongeveer één keer per week|3, Ongeveer één keer per maand|4, Nooit",,,,,,,y,,,,,
e14_q09,e14_naff,,radio,9. Knipt u uw teennagels,"1, Ongeveer één keer per week|2, Ongeveer één keer per maand|3, Minder dan één keer per maand|4, Nooit",,,,,,,y,,,,,
e14_q10,e14_naff,,radio,10. Draagt u pantoffels zonder sluiting,"1, Meestal|2, Soms|3, Zelden|4, Nooit",,,,,,,y,,,,,
e14_q11,e14_naff,,radio,11. Draagt u sportschoenen,"1, Meestal|2, Soms|3, Zelden|4, Nooit",,,,,,,y,,,,,
e14_q12,e14_naff,,radio,"12. Draagt u schoenen met veters, velcro of een riempje","1, Meestal|2, Soms|3, Zelden|4, Nooit",,,,,,,y,,,,,
e14_q13,e14_naff,,radio,13. Draagt u schoenen met een spitse neus,"1, Meestal|2, Soms|3, Zelden|4, Nooit",,,,,,,y,,,,,
e14_q14,e14_naff,,radio,14. Draagt u slippers of muiltjes,"1, Meestal|2, Soms|3, Zelden|4, Nooit",,,,,,,y,,,,,
e14_q15,e14_naff,,radio,15. Loopt u nieuwe schoenen geleidelijk in,"1, Altijd|2, Meestal|3, Soms|4, Zelden of nooit",,,,,,,y,,,,,
e14_q16,e14_naff,,radio,"16. Draagt u sokken van synthetisch materiaal, bijvoorbeeld nylon","1, Meestal|2, Soms|3, Zelden|4, Nooit",,,,,,,y,,,,,
e14_q17,e14_naff,,radio,"17. Draagt u schoenen zonder sokken, kousen of panty’s","1, Nooit|2, Zelden|3, Soms|4, Vaak",,,,,,,y,,,,,
e14_q18,e14_naff,,radio,"18. Vervangt u uw sokken, kousen of panty’s","1, Meer dan één keer per dag|2, Dagelijks|3, 4-6 keer per week|4, Minder dan 4 keer per week",,,,,,,y,,,,,
e14_q19,e14_naff,,radio,19. Loopt u thuis op blote voeten rond,"1, Vaak|2, Soms|3, Zelden|4, Nooit",,,,,,,y,,,,,
e14_q20,e14_naff,,radio,20. Loopt u buiten op blote voeten,"1, Vaak|2, Soms|3, Zelden|4, Nooit",,,,,,,y,,,,,
e14_q21,e14_naff,,radio,21. Gebruikt u een warmwaterkruik in bed,"1, Vaak|2, Soms|3, Zelden|4, Nooit",,,,,,,y,,,,,
e14_q22,e14_naff,,radio,22. Houdt u uw voeten dicht bij het vuur of de verwarming,"1, Vaak|2, Soms|3, Zelden|4, Nooit",,,,,,,y,,,,,
e14_q23,e14_naff,,radio,23. Legt u uw voeten op een radiator,"1, Vaak|2, Soms|3, Zelden|4, Nooit",,,,,,,y,,,,,
e14_q24,e14_naff,,radio,24. Gebruikt u middelen tegen likdoorns wanneer u een likdoorn heeft,"1, Nooit|2, Zelden|3, Soms|4, Vaak",,,,,,,y,,,,,
e14_q25,e14_naff,,radio,25. Brengt u een droog verband aan op een blaar wanneer u er één heeft,"1, Nooit|2, Zelden|3, Soms|4, Vaak",,,,,,,y,,,,,
e14_q26,e14_naff,,radio,"26. Brengt u een droog verband aan op een schaafwonde, snijwonde of brandwonde","1, Nooit|2, Zelden|3, Soms|4, Vaak",,,,,,,y,,,,,
e14_door,e14_naff,,text,Ingevoerd door (initialen),,Initialen van het studieteamlid dat overzet,,,,,,,,,,,
e15_datum,e15_hls_eu_6,,text,Datum van afname,,"dd-mm-jjjj, zoals op het papieren werkblad",date_dmy,,,,,y,,,,,
e15_intro,e15_hls_eu_6,HLS-EU-6,descriptive,In het dagelijkse leven zijn er vele situaties die belangrijk zijn voor onze gezondheid. Geef voor elk van de onderstaande taken aan hoe moeilijk of gemakkelijk ze voor u zijn.,,,,,,,,,,,,,
e15_q1,e15_hls_eu_6,,radio,Q1. Hoe gemakkelijk of moeilijk is het voor u om te beoordelen wanneer u misschien een tweede medisch advies moet inwinnen,"1, Heel gemakkelijk|2, Tamelijk gemakkelijk|3, Tamelijk moeilijk|4, Heel moeilijk",,,,,,,y,,,e15_matrix,,
e15_q2,e15_hls_eu_6,,radio,Q2. Hoe gemakkelijk of moeilijk is het voor u om met behulp van de informatie die de arts u geeft een beslissing te nemen over een ziekte,"1, Heel gemakkelijk|2, Tamelijk gemakkelijk|3, Tamelijk moeilijk|4, Heel moeilijk",,,,,,,y,,,e15_matrix,,
e15_q3,e15_hls_eu_6,,radio,Q3. Hoe gemakkelijk of moeilijk is het voor u om informatie te vinden over hoe u kunt omgaan met bepaalde psychische problemen zoals stress of depressie,"1, Heel gemakkelijk|2, Tamelijk gemakkelijk|3, Tamelijk moeilijk|4, Heel moeilijk",,,,,,,y,,,e15_matrix,,
e15_q4,e15_hls_eu_6,,radio,Q4. Hoe gemakkelijk of moeilijk is het voor u om te beoordelen of de informatie over gezondheidsrisico’s in de media betrouwbaar is,"1, Heel gemakkelijk|2, Tamelijk gemakkelijk|3, Tamelijk moeilijk|4, Heel moeilijk",,,,,,,y,,,e15_matrix,,
e15_q5,e15_hls_eu_6,,radio,Q5. Hoe gemakkelijk of moeilijk is het voor u om informatie te vinden over activiteiten die goed zijn voor uw psychisch welzijn,"1, Heel gemakkelijk|2, Tamelijk gemakkelijk|3, Tamelijk moeilijk|4, Heel moeilijk",,,,,,,y,,,e15_matrix,,
e15_q6,e15_hls_eu_6,,radio,Q6. Hoe gemakkelijk of moeilijk is het voor u om informatie in de media over hoe u gezonder kunt worden te begrijpen,"1, Heel gemakkelijk|2, Tamelijk gemakkelijk|3, Tamelijk moeilijk|4, Heel moeilijk",,,,,,,y,,,e15_matrix,,
e15_door,e15_hls_eu_6,,text,Ingevoerd door (initialen),,Initialen van het studieteamlid dat overzet,,,,,,,,,,,
e18_datum,e18_logboek_educatie,,text,Datum waarop het logboek gestart werd,,Het logboek loopt door over de acht visites; de duur van elke visite staat bij het blok van die visite,date_dmy,,,,,y,,,,,
e18_v1_vooraf,e18_logboek_educatie,<b>VISITE 1 — mondelinge educatie en evaluatie voetzorg</b>,checkbox,Visite 1 — vooraf afgenomen en bevraagd,"1, Patiënt heeft de HLS-EU-6 ingevuld|2, Patiënt heeft de NAFF ingevuld|3, Professional peilt naar de kennis over voetzorg",,,,,,,,,,,,
e18_v1_educatie,e18_logboek_educatie,,checkbox,Visite 1 — educatie over goede voetzorg — wat aan bod kwam,"1, Belang van goede voetzorg bij personen met diabetes|2, Inspectie van de voeten|3, Voeten wassen|4, Voetcrème aanbrengen|5, Sokken|6, Schoenen|7, Andere aandachtspunten, onder meer het vermijden van een warmtekruik",,,,,,,,,,,,
e18_v1_toont,e18_logboek_educatie,,yesno,Visite 1 — professional toont hoe de voeten verzorgd moeten worden,,,,,,,,,,,,,
e18_v1_demo,e18_logboek_educatie,,yesno,Visite 1 — patiënt demonstreert hoe hij zijn voeten inspecteert,,,,,,,,,,,,,
e18_v1_demo_res,e18_logboek_educatie,,radio,Visite 1 — uitkomst van de demonstratie,"1, Patiënt kan dit zelf en doet het correct|2, Patiënt kan dit zelf, maar bijsturing is nodig|3, Patiënt laat dit al door iemand anders doen|4, Patiënt kan dit niet zelf en zal het aan iemand vragen",,,,,,[e18_v1_demo]='1',,,,,,
e18_v1_wie,e18_logboek_educatie,,text,Visite 1 — wie de voetverzorging doet,,,,,,,[e18_v1_demo_res]='3' or [e18_v1_demo_res]='4',,,,,,
e18_v1_brochure,e18_logboek_educatie,,checkbox,Visite 1 — meegegeven documentatie,"1, Brochure over goede voetzorg, voor de patiënt|2, Brochure voor derden, omdat iemand anders de voetverzorging doet",,,,,,,,,,,,
e18_v1_duur,e18_logboek_educatie,,text,Duur van visite 1,,"Hoe lang deze visite geduurd heeft, in minuten",integer,0,480,,,,,,,,
e18_v2_items,e18_logboek_educatie,<b>VISITE 2 — evaluatie kennis voetzorg en educatie over het belang van het dragen van orthopedische schoenen</b>,checkbox,Visite 2 — uitgevoerd tijdens deze visite,"1, Patiënt heeft de NAFF ingevuld|2, Professional overloopt de NAFF en benadrukt wat de patiënt correct begrepen heeft|3, Professional geeft educatie over foute kennis op basis van de NAFF|4, Professional geeft educatie over het belang van het dragen van de orthopedische schoenen|5, Professional geeft uitleg over de sensor en wat daarmee gemeten wordt|6, Professional geeft duidelijke instructies over hoe vaak de schoenen gedragen moeten worden",,,,,,,,,,,,
e18_v2_duur,e18_logboek_educatie,,text,Duur van visite 2,,"Hoe lang deze visite geduurd heeft, in minuten",integer,0,480,,,,,,,,
e18_v3_vb,e18_logboek_educatie,<b>VISITE 3 — adherence feedback en ondersteunende interventies</b>,checkbox,Visite 3 — voorbereiding en terugkoppeling,"1, Patiënt heeft de zelf-rapportagevragen over therapietrouw ingevuld|2, Sensor werd uitgelezen|3, Resultaten werden geprint|4, Eén kopie werd aan de patiënt gegeven|5, Eén kopie werd aan de CRF toegevoegd|6, Professional bespreekt de adherence data op een niet-bedreigende, neutrale manier",,,,,,,,,,,,
e18_v3_bel_score,e18_logboek_educatie,,text,Visite 3 — score op de belangrijkheidsvraag,,0 tot 10,integer,0,10,,,,,,,,
e18_v3_precon,e18_logboek_educatie,,checkbox,Visite 3 — toegepaste precontemplatie-interventies,"1, Belangrijkheidsvraag als interventie gebruikt|2, Beslissingsbalans opgesteld|3, Gevolgen voor de toekomst besproken",,,,,,[e18_v3_bel_score]<>'' and [e18_v3_bel_score]<8,,,,,,
e18_v3_se_score,e18_logboek_educatie,,text,Visite 3 — score op de self-efficacyvraag,,0 tot 10,integer,0,10,,[e18_v3_bel_score]>=8,,,,,,
e18_v3_contem,e18_logboek_educatie,,checkbox,Visite 3 — toegepaste contemplatie-interventies,"1, Self-efficacyvraag gebruikt|2, Eerdere successen besproken|3, Brainstorming",,,,,,[e18_v3_se_score]<>'' and [e18_v3_se_score]<8,,,,,,
e18_v3_gefeliciteerd,e18_logboek_educatie,,yesno,Visite 3 — patiënt werd gefeliciteerd voor zijn inspanningen,,,,,,,[e18_v3_se_score]>=8,,,,,,
e18_v3_mos,e18_logboek_educatie,,yesno,Visite 3 — patiënt heeft de MOS-revised ingevuld,,,,,,,[e18_v3_bel_score]>=8,,,,,,
e18_v3_acties,e18_logboek_educatie,,notes,Visite 3 — actieplan — de afgesproken acties,,"Bij een self-efficacyscore van 8 of hoger gaat het om een actieplan voor mogelijke hindernissen, op basis van de MOS-revised",,,,,[e18_v3_bel_score]>=8,,,,,,
e18_v3_duur,e18_logboek_educatie,,text,Duur van visite 3,,"Hoe lang deze visite geduurd heeft, in minuten",integer,0,480,,,,,,,,
e18_v4_kennis,e18_logboek_educatie,<b>VISITE 4 — evaluatie kennis en kunde voetzorg en ondersteuning therapietrouw met het dragen van de orthopedische schoenen</b>,checkbox,Visite 4 — evaluatie kennis en kunde voetzorg,"1, Patiënt heeft de NAFF ingevuld|2, Patiënt heeft de zelf-rapportagevragen over therapietrouw ingevuld|3, Professional vraagt de patiënt te tonen hoe hij thuis zijn voeten verzorgt|4, Patiënt voert de inspectie van de voeten correct uit|5, Patiënt weet dat hij de voeten dagelijks moet wassen|6, Patiënt weet dat hij de voeten goed moet afdrogen, zeker tussen de tenen|7, Patiënt weet dat hij geen voetencrème mag aanbrengen tussen de tenen",,,,,,,,,,,,
e18_v4_herhalen,e18_logboek_educatie,,checkbox,Visite 4 — educatie die de professional moet herhalen,"1, Inspectie van de voeten|2, Dagelijks wassen van de voeten|3, Drogen van de voeten|4, Aanbrengen van voetencrème|5, Dagelijks veranderen van sokken|6, Dragen van katoenen sokken|7, Niet blootsvoets rondlopen|8, Dragen van orthopedische schoenen|9, Knippen van de nagels en verwijderen van eelt",,,,,,,,,,,,
e18_v4_vb,e18_logboek_educatie,,checkbox,Visite 4 — sensor en terugkoppeling,"1, Sensor werd uitgelezen|2, Resultaten werden geprint|3, Eén kopie werd aan de patiënt gegeven|4, Eén kopie werd aan de CRF toegevoegd|5, Professional bespreekt de adherence data op een niet-bedreigende, neutrale manier",,,,,,,,,,,,
e18_v4_fase,e18_logboek_educatie,<b>Motiverende gespreksvoering</b> — kies eerst de fase die in visite 3 genoteerd werd,radio,Visite 4 — fase waarin de patiënt zat in visite 3,"1, Precontemplatie|2, Contemplatie|3, Actie of onderhoud",Over te nemen uit het logboek van visite 3,,,,,,,,,,,
e18_v4_bel_score,e18_logboek_educatie,<b>Als de patiënt in precontemplatie zat</b>,text,Visite 4 — score op de belangrijkheidsvraag,,0 tot 10,integer,0,10,,[e18_v4_fase]='1',,,,,,
e18_v4_bel_verg,e18_logboek_educatie,,yesno,Visite 4 — huidige score vergeleken met de score uit visite 3,,,,,,,[e18_v4_fase]='1',,,,,,
e18_v4_precon,e18_logboek_educatie,,checkbox,Visite 4 — toegepaste precontemplatie-interventies,"1, Belangrijkheidsvraag als interventie gebruikt|2, Beslissingsbalans opgesteld|3, Gevolgen voor de toekomst besproken",,,,,,[e18_v4_fase]='1' and [e18_v4_bel_score]<>'' and [e18_v4_bel_score]<8,,,,,,
e18_v4_belangrijker,e18_logboek_educatie,,notes,Visite 4 — wat de patiënt voorstelt om het dragen van de orthopedische schoenen belangrijker te maken,,,,,,,[e18_v4_fase]='1' and [e18_v4_bel_score]<>'' and [e18_v4_bel_score]<8,,,,,,
e18_v4_se_score,e18_logboek_educatie,<b>Self-efficacy</b>,text,Visite 4 — score op de self-efficacyvraag,,0 tot 10,integer,0,10,,([e18_v4_fase]='1' and [e18_v4_bel_score]>=8) or [e18_v4_fase]='2',,,,,,
e18_v4_se_verg,e18_logboek_educatie,,yesno,Visite 4 — huidige self-efficacyscore vergeleken met de score uit visite 3,,,,,,,[e18_v4_fase]='2',,,,,,
e18_v4_contem,e18_logboek_educatie,,checkbox,Visite 4 — toegepaste contemplatie-interventies,"1, Self-efficacyvraag gebruikt|2, Eerdere successen besproken|3, Brainstorming",,,,,,[e18_v4_se_score]<>'' and [e18_v4_se_score]<8,,,,,,
e18_v4_mos,e18_logboek_educatie,,yesno,Visite 4 — patiënt heeft de MOS-revised ingevuld,,,,,,,[e18_v4_fase]='1' and [e18_v4_bel_score]>=8,,,,,,
e18_v4_plan_uitv,e18_logboek_educatie,,yesno,Visite 4 — besproken hoe goed het vorige actieplan uitgevoerd kon worden,,,,,,,[e18_v4_fase]='2',,,,,,
e18_v4_hindernis,e18_logboek_educatie,,yesno,Visite 4 — mogelijke oplossingen voor hindernissen besproken,,,,,,,[e18_v4_fase]='2',,,,,,
e18_v4_acties,e18_logboek_educatie,,notes,Visite 4 — nieuw of aangepast actieplan — de afgesproken acties,,,,,,,[e18_v4_fase]='1' or [e18_v4_fase]='2',,,,,,
e18_v4_aanmoediging,e18_logboek_educatie,<b>Als de patiënt in actie of onderhoud zat</b>,yesno,Visite 4 — patiënt aangemoedigd om zo verder te doen,,,,,,,[e18_v4_fase]='3',,,,,,
e18_v4_duur,e18_logboek_educatie,,text,Duur van visite 4,,"Hoe lang deze visite geduurd heeft, in minuten",integer,0,480,,,,,,,,
e18_v5_vb,e18_logboek_educatie,<b>VISITE 5 — adherence feedback en ondersteunende interventies</b>,checkbox,Visite 5 — voorbereiding en terugkoppeling,"1, Patiënt heeft de zelf-rapportagevragen over therapietrouw ingevuld|2, Sensor werd uitgelezen|3, Resultaten werden geprint|4, Eén kopie werd aan de patiënt gegeven|5, Eén kopie werd aan de CRF toegevoegd|6, Professional bespreekt de adherence data op een niet-bedreigende, neutrale manier",,,,,,,,,,,,
e18_v5_fase,e18_logboek_educatie,<b>Motiverende gespreksvoering</b> — kies eerst de fase die in visite 4 genoteerd werd,radio,Visite 5 — fase waarin de patiënt zat in visite 4,"1, Precontemplatie|2, Contemplatie|3, Actie of onderhoud",Over te nemen uit het logboek van visite 4,,,,,,,,,,,
e18_v5_bel_score,e18_logboek_educatie,<b>Als de patiënt in precontemplatie zat</b>,text,Visite 5 — score op de belangrijkheidsvraag,,0 tot 10,integer,0,10,,[e18_v5_fase]='1',,,,,,
e18_v5_precon,e18_logboek_educatie,,checkbox,Visite 5 — toegepaste precontemplatie-interventies,"1, Belangrijkheidsvraag als interventie gebruikt|2, Beslissingsbalans opgesteld|3, Gevolgen voor de toekomst besproken",,,,,,[e18_v5_fase]='1' and [e18_v5_bel_score]<>'' and [e18_v5_bel_score]<8,,,,,,
e18_v5_se_score,e18_logboek_educatie,<b>Self-efficacy</b>,text,Visite 5 — score op de self-efficacyvraag,,0 tot 10,integer,0,10,,([e18_v5_fase]='1' and [e18_v5_bel_score]>=8) or [e18_v5_fase]='2',,,,,,
e18_v5_se_verg,e18_logboek_educatie,,yesno,Visite 5 — huidige self-efficacyscore vergeleken met de score uit visite 4,,,,,,,[e18_v5_fase]='2',,,,,,
e18_v5_contem,e18_logboek_educatie,,checkbox,Visite 5 — toegepaste contemplatie-interventies,"1, Self-efficacyvraag gebruikt|2, Eerdere successen besproken|3, Brainstorming",,,,,,[e18_v5_se_score]<>'' and [e18_v5_se_score]<8,,,,,,
e18_v5_mos,e18_logboek_educatie,,yesno,Visite 5 — patiënt heeft de MOS-revised ingevuld,,,,,,,[e18_v5_fase]='1' and [e18_v5_bel_score]>=8,,,,,,
e18_v5_plan_uitv,e18_logboek_educatie,,yesno,Visite 5 — besproken hoe goed het vorige actieplan uitgevoerd kon worden,,,,,,,[e18_v5_fase]='2',,,,,,
e18_v5_hindernis,e18_logboek_educatie,,yesno,Visite 5 — mogelijke oplossingen voor hindernissen besproken,,,,,,,[e18_v5_fase]='2',,,,,,
e18_v5_acties,e18_logboek_educatie,,notes,Visite 5 — nieuw of aangepast actieplan — de afgesproken acties,,,,,,,[e18_v5_fase]='1' or [e18_v5_fase]='2',,,,,,
e18_v5_aanmoediging,e18_logboek_educatie,<b>Als de patiënt in actie of onderhoud zat</b>,yesno,Visite 5 — patiënt aangemoedigd om zo verder te doen,,,,,,,[e18_v5_fase]='3',,,,,,
e18_v5_duur,e18_logboek_educatie,,text,Duur van visite 5,,"Hoe lang deze visite geduurd heeft, in minuten",integer,0,480,,,,,,,,
e18_v6_kennis,e18_logboek_educatie,<b>VISITE 6 — evaluatie kennis en kunde voetzorg en ondersteuning therapietrouw met het dragen van de orthopedische schoenen</b>,checkbox,Visite 6 — evaluatie kennis en kunde voetzorg,"1, Patiënt heeft de NAFF ingevuld|2, Patiënt heeft de zelf-rapportagevragen over therapietrouw ingevuld|3, Professional vraagt de patiënt te tonen hoe hij thuis zijn voeten verzorgt|4, Patiënt voert de inspectie van de voeten correct uit|5, Patiënt weet dat hij de voeten dagelijks moet wassen|6, Patiënt weet dat hij de voeten goed moet afdrogen, zeker tussen de tenen|7, Patiënt weet dat hij geen voetencrème mag aanbrengen tussen de tenen",,,,,,,,,,,,
e18_v6_herhalen,e18_logboek_educatie,,checkbox,Visite 6 — educatie die de professional moet herhalen,"1, Inspectie van de voeten|2, Dagelijks wassen van de voeten|3, Drogen van de voeten|4, Aanbrengen van voetencrème|5, Dagelijks veranderen van sokken|6, Dragen van katoenen sokken|7, Niet blootsvoets rondlopen|8, Dragen van orthopedische schoenen|9, Knippen van de nagels en verwijderen van eelt",,,,,,,,,,,,
e18_v6_vb,e18_logboek_educatie,,checkbox,Visite 6 — sensor en terugkoppeling,"1, Sensor werd uitgelezen|2, Resultaten werden geprint|3, Eén kopie werd aan de patiënt gegeven|4, Eén kopie werd aan de CRF toegevoegd|5, Professional bespreekt de adherence data op een niet-bedreigende, neutrale manier",,,,,,,,,,,,
e18_v6_fase,e18_logboek_educatie,<b>Motiverende gespreksvoering</b> — kies eerst de fase die in visite 5 genoteerd werd,radio,Visite 6 — fase waarin de patiënt zat in visite 5,"1, Precontemplatie|2, Contemplatie|3, Actie of onderhoud",Over te nemen uit het logboek van visite 5,,,,,,,,,,,
e18_v6_bel_score,e18_logboek_educatie,<b>Als de patiënt in precontemplatie zat</b>,text,Visite 6 — score op de belangrijkheidsvraag,,0 tot 10,integer,0,10,,[e18_v6_fase]='1',,,,,,
e18_v6_bel_verg,e18_logboek_educatie,,yesno,Visite 6 — huidige score vergeleken met de score uit visite 5,,,,,,,[e18_v6_fase]='1',,,,,,
e18_v6_precon,e18_logboek_educatie,,checkbox,Visite 6 — toegepaste precontemplatie-interventies,"1, Belangrijkheidsvraag als interventie gebruikt|2, Beslissingsbalans opgesteld|3, Gevolgen voor de toekomst besproken",,,,,,[e18_v6_fase]='1' and [e18_v6_bel_score]<>'' and [e18_v6_bel_score]<8,,,,,,
e18_v6_belangrijker,e18_logboek_educatie,,notes,Visite 6 — wat de patiënt voorstelt om het dragen van de orthopedische schoenen belangrijker te maken,,,,,,,[e18_v6_fase]='1' and [e18_v6_bel_score]<>'' and [e18_v6_bel_score]<8,,,,,,
e18_v6_se_score,e18_logboek_educatie,<b>Self-efficacy</b>,text,Visite 6 — score op de self-efficacyvraag,,0 tot 10,integer,0,10,,([e18_v6_fase]='1' and [e18_v6_bel_score]>=8) or [e18_v6_fase]='2',,,,,,
e18_v6_se_verg,e18_logboek_educatie,,yesno,Visite 6 — huidige self-efficacyscore vergeleken met de score uit visite 5,,,,,,,[e18_v6_fase]='2',,,,,,
e18_v6_contem,e18_logboek_educatie,,checkbox,Visite 6 — toegepaste contemplatie-interventies,"1, Self-efficacyvraag gebruikt|2, Eerdere successen besproken|3, Brainstorming",,,,,,[e18_v6_se_score]<>'' and [e18_v6_se_score]<8,,,,,,
e18_v6_mos,e18_logboek_educatie,,yesno,Visite 6 — patiënt heeft de MOS-revised ingevuld,,,,,,,[e18_v6_fase]='1' and [e18_v6_bel_score]>=8,,,,,,
e18_v6_plan_uitv,e18_logboek_educatie,,yesno,Visite 6 — besproken hoe goed het vorige actieplan uitgevoerd kon worden,,,,,,,[e18_v6_fase]='2',,,,,,
e18_v6_hindernis,e18_logboek_educatie,,yesno,Visite 6 — mogelijke oplossingen voor hindernissen besproken,,,,,,,[e18_v6_fase]='2',,,,,,
e18_v6_acties,e18_logboek_educatie,,notes,Visite 6 — nieuw of aangepast actieplan — de afgesproken acties,,,,,,,[e18_v6_fase]='1' or [e18_v6_fase]='2',,,,,,
e18_v6_aanmoediging,e18_logboek_educatie,<b>Als de patiënt in actie of onderhoud zat</b>,yesno,Visite 6 — patiënt aangemoedigd om zo verder te doen,,,,,,,[e18_v6_fase]='3',,,,,,
e18_v6_duur,e18_logboek_educatie,,text,Duur van visite 6,,"Hoe lang deze visite geduurd heeft, in minuten",integer,0,480,,,,,,,,
e18_v7_vb,e18_logboek_educatie,<b>VISITE 7 — adherence feedback en ondersteunende interventies</b>,checkbox,Visite 7 — voorbereiding en terugkoppeling,"1, Patiënt heeft de zelf-rapportagevragen over therapietrouw ingevuld|2, Sensor werd uitgelezen|3, Resultaten werden geprint|4, Eén kopie werd aan de patiënt gegeven|5, Eén kopie werd aan de CRF toegevoegd|6, Professional bespreekt de adherence data op een niet-bedreigende, neutrale manier",,,,,,,,,,,,
e18_v7_fase,e18_logboek_educatie,<b>Motiverende gespreksvoering</b> — kies eerst de fase die in visite 6 genoteerd werd,radio,Visite 7 — fase waarin de patiënt zat in visite 6,"1, Precontemplatie|2, Contemplatie|3, Actie of onderhoud",Over te nemen uit het logboek van visite 6,,,,,,,,,,,
e18_v7_bel_score,e18_logboek_educatie,<b>Als de patiënt in precontemplatie zat</b>,text,Visite 7 — score op de belangrijkheidsvraag,,0 tot 10,integer,0,10,,[e18_v7_fase]='1',,,,,,
e18_v7_precon,e18_logboek_educatie,,checkbox,Visite 7 — toegepaste precontemplatie-interventies,"1, Belangrijkheidsvraag als interventie gebruikt|2, Beslissingsbalans opgesteld|3, Gevolgen voor de toekomst besproken",,,,,,[e18_v7_fase]='1' and [e18_v7_bel_score]<>'' and [e18_v7_bel_score]<8,,,,,,
e18_v7_se_score,e18_logboek_educatie,<b>Self-efficacy</b>,text,Visite 7 — score op de self-efficacyvraag,,0 tot 10,integer,0,10,,([e18_v7_fase]='1' and [e18_v7_bel_score]>=8) or [e18_v7_fase]='2',,,,,,
e18_v7_se_verg,e18_logboek_educatie,,yesno,Visite 7 — huidige self-efficacyscore vergeleken met de score uit visite 6,,,,,,,[e18_v7_fase]='2',,,,,,
e18_v7_contem,e18_logboek_educatie,,checkbox,Visite 7 — toegepaste contemplatie-interventies,"1, Self-efficacyvraag gebruikt|2, Eerdere successen besproken|3, Brainstorming",,,,,,[e18_v7_se_score]<>'' and [e18_v7_se_score]<8,,,,,,
e18_v7_mos,e18_logboek_educatie,,yesno,Visite 7 — patiënt heeft de MOS-revised ingevuld,,,,,,,[e18_v7_fase]='1' and [e18_v7_bel_score]>=8,,,,,,
e18_v7_plan_uitv,e18_logboek_educatie,,yesno,Visite 7 — besproken hoe goed het vorige actieplan uitgevoerd kon worden,,,,,,,[e18_v7_fase]='2',,,,,,
e18_v7_hindernis,e18_logboek_educatie,,yesno,Visite 7 — mogelijke oplossingen voor hindernissen besproken,,,,,,,[e18_v7_fase]='2',,,,,,
e18_v7_acties,e18_logboek_educatie,,notes,Visite 7 — nieuw of aangepast actieplan — de afgesproken acties,,,,,,,[e18_v7_fase]='1' or [e18_v7_fase]='2',,,,,,
e18_v7_aanmoediging,e18_logboek_educatie,<b>Als de patiënt in actie of onderhoud zat</b>,yesno,Visite 7 — patiënt aangemoedigd om zo verder te doen,,,,,,,[e18_v7_fase]='3',,,,,,
e18_v7_duur,e18_logboek_educatie,,text,Duur van visite 7,,"Hoe lang deze visite geduurd heeft, in minuten",integer,0,480,,,,,,,,
e18_v8_items,e18_logboek_educatie,<b>VISITE 8 — afrondend gesprek</b>,checkbox,Visite 8 — uitgevoerd tijdens het afrondend gesprek,"1, Patiënt heeft de NAFF ingevuld|2, Patiënt heeft de MOS-revised ingevuld|3, Patiënt heeft de zelf-rapportagevragen over therapietrouw ingevuld|4, Professional vraagt de patiënt een laatste keer te tonen hoe hij thuis zijn voeten verzorgt|5, Patiënt voert de inspectie van de voeten correct uit|6, Sensor werd uitgelezen|7, Resultaten van de sensor werden geprint|8, Eén kopie werd aan de patiënt gegeven|9, Eén kopie werd aan de CRF toegevoegd|10, Patiënt werd geïnformeerd over het einde van de studie",,,,,,,,,,,,
e18_v8_duur,e18_logboek_educatie,,text,Duur van visite 8,,"Hoe lang deze visite geduurd heeft, in minuten",integer,0,480,,,,,,,,
e18_door,e18_logboek_educatie,,text,Ingevoerd door (initialen),,Initialen van het studieteamlid dat overzet,,,,,,,,,,,
e20_datum,e20_udi_movemonitor,,text,Datum van registratie,,"dd-mm-jjjj, zoals op het papieren werkblad",date_dmy,,,,,y,,,,,
e20_type,e20_udi_movemonitor,Toestelinformatie,text,Naam of type van het toestel,,McRoberts DynaPort MoveMonitor,,,,,,,,,,,
e20_fabrikant,e20_udi_movemonitor,,text,Fabrikant,,,,,,,,,,,,,
e20_udi,e20_udi_movemonitor,,text,Referentie- of UDI-nummer,,,,,,,,y,,,,,
e20_act_datum,e20_udi_movemonitor,Uitgifte,text,Datum van activatie,,,date_dmy,,,,,y,,,,,
e20_act_tijd,e20_udi_movemonitor,,text,Tijdstip van activatie,,,time,,,,,,,,,,
e20_door_wie,e20_udi_movemonitor,,text,Toegewezen door (initialen),,,,,,,,,,,,,
e20_periode,e20_udi_movemonitor,,text,Geplande draagperiode (dagen),,Protocol: een volledige week,integer,1,,,,,,,,,
e20_opmerkingen,e20_udi_movemonitor,,notes,Opmerkingen,,,,,,,,,,,,,
e20_door,e20_udi_movemonitor,,text,Ingevoerd door (initialen),,Initialen van het studieteamlid dat overzet,,,,,,,,,,,
e21_datum,e21_eq5d5l,,text,Datum van afname,,"dd-mm-jjjj, zoals op het papieren werkblad",date_dmy,,,,,y,,,,,
e21_intro,e21_eq5d5l,EQ-5D-5L,descriptive,Zet bij iedere groep in de lijst hieronder een kruisje in het hokje dat het best past bij uw gezondheid <b>VANDAAG</b>.,,,,,,,,,,,,,
e21_mobiliteit,e21_eq5d5l,,radio,MOBILITEIT,"1, Ik heb geen problemen met lopen|2, Ik heb een beetje problemen met lopen|3, Ik heb matige problemen met lopen|4, Ik heb ernstige problemen met lopen|5, Ik ben niet in staat om te lopen",,,,,,,y,,,,,
e21_zelfzorg,e21_eq5d5l,,radio,ZELFZORG,"1, Ik heb geen problemen met mijzelf wassen of aankleden|2, Ik heb een beetje problemen met mijzelf wassen of aankleden|3, Ik heb matige problemen met mijzelf wassen of aankleden|4, Ik heb ernstige problemen met mijzelf wassen of aankleden|5, Ik ben niet in staat mijzelf te wassen of aan te kleden",,,,,,,y,,,,,
e21_activiteit,e21_eq5d5l,,radio,"DAGELIJKSE ACTIVITEITEN, bijvoorbeeld werk, studie, huishouden, gezins- en vrijetijdsactiviteiten","1, Ik heb geen problemen met mijn dagelijkse activiteiten|2, Ik heb een beetje problemen met mijn dagelijkse activiteiten|3, Ik heb matige problemen met mijn dagelijkse activiteiten|4, Ik heb ernstige problemen met mijn dagelijkse activiteiten|5, Ik ben niet in staat mijn dagelijkse activiteiten uit te voeren",,,,,,,y,,,,,
e21_pijn,e21_eq5d5l,,radio,PIJN OF ONGEMAK,"1, Ik heb geen pijn of ongemak|2, Ik heb een beetje pijn of ongemak|3, Ik heb matige pijn of ongemak|4, Ik heb ernstige pijn of ongemak|5, Ik heb extreme pijn of ongemak",,,,,,,y,,,,,
e21_angst,e21_eq5d5l,,radio,ANGST OF SOMBERHEID,"1, Ik ben niet angstig of somber|2, Ik ben een beetje angstig of somber|3, Ik ben matig angstig of somber|4, Ik ben erg angstig of somber|5, Ik ben extreem angstig of somber",,,,,,,y,,,,,
e21_vas,e21_eq5d5l,EQ VAS,text,UW GEZONDHEID VANDAAG,,"0 staat voor de slechtste gezondheid die u zich kunt voorstellen, 100 voor de beste. Noteer het getal waarbij de X op de meetschaal staat",integer,0,100,,,y,,,,,
e21_copyright,e21_eq5d5l,,descriptive,Netherlands (Dutch) © 2009 EuroQol Group. EQ-5D™ is a trade mark of the EuroQol Group.<br><i>Gebruik in elektronische vorm vereist registratie bij de EuroQol Group. De bewoording mag niet gewijzigd worden.</i>,,,,,,,,,,,,,
e21_door,e21_eq5d5l,,text,Ingevoerd door (initialen),,Initialen van het studieteamlid dat overzet,,,,,,,,,,,
e23_datum,e23_aanpassing_cmfo,,text,Datum van bezoek 2,,"dd-mm-jjjj, zoals op het papieren werkblad",date_dmy,,,,,y,,,,,
e23_podoloog,e23_aanpassing_cmfo,Uitvoerders,text,Podoloog,,,,,,,,,,,,,
e23_technieker,e23_aanpassing_cmfo,,text,Orthopedisch technieker of podo-orthesist,,,,,,,,,,,,,
e23_a1_maat,e23_aanpassing_cmfo,Deel A1. Basislaag,radio,Op maat gemaakte schoen: 5 mm microkurk shore 55 met 5 mm EVA shore 35-40,"1, Ja|2, Nee|3, Niet van toepassing",,,,,,,,,,,,
e23_a1_confectie,e23_aanpassing_cmfo,,radio,Confectieschoen: 6 mm EVA shore 35-40,"1, Ja|2, Nee|3, Niet van toepassing",,,,,,,,,,,,
e23_a1_alt,e23_aanpassing_cmfo,,radio,Alternatief materiaal met vergelijkbare eigenschappen,"1, Ja|2, Nee|3, Niet van toepassing",,,,,,,,,,,,
e23_a1_alt_spec,e23_aanpassing_cmfo,,text,Specificeer het alternatieve materiaal,,,,,,,[e23_a1_alt] = '1',,,,,,
e23_a2_gesloten,e23_aanpassing_cmfo,Deel A2. Toplaag,radio,"3 mm gesloten-cellig schuim, bijvoorbeeld Plastazote LD45","1, Ja|2, Nee",,,,,,,,,,,,
e23_a2_open,e23_aanpassing_cmfo,,radio,"3 mm open-cellig dempend schuim, bijvoorbeeld PPT","1, Ja|2, Nee",,,,,,,,,,,,
e23_a2_lengte,e23_aanpassing_cmfo,,radio,Volledige lengtebedekking,"1, Ja|2, Nee",,,,,,,,,,,,
e23_a2_alt,e23_aanpassing_cmfo,,radio,Alternatieve materialen met gelijkaardige eigenschappen,"1, Ja|2, Nee",,,,,,,,,,,,
e23_a2_alt_spec,e23_aanpassing_cmfo,,text,Specificeer,,,,,,,[e23_a2_alt] = '1',,,,,,
e23_a3_balk,e23_aanpassing_cmfo,Deel A3. Metatarsale ondersteuning,radio,Metatarsale balk die alle metatarsale koppen ondersteunt,"1, Ja|2, Nee",,,,,,,,,,,,
e23_a3_pad,e23_aanpassing_cmfo,,radio,"Of een gelokaliseerde pad of dome, indien geïndiceerd","1, Ja|2, Nee",,,,,,,,,,,,
e23_a3_indicatie,e23_aanpassing_cmfo,,text,Indicatie voor de lokale pad,,,,,,,[e23_a3_pad] = '1',,,,,,
e23_a3_materiaal,e23_aanpassing_cmfo,,radio,"Materiaal EVA, kurk of equivalent, shore ongeveer 55","1, Ja|2, Nee",,,,,,,,,,,,
e23_a3_bedekt,e23_aanpassing_cmfo,,radio,Bedekt door de toplaag,"1, Ja|2, Nee",,,,,,,,,,,,
e23_a4_hoogte_ok,e23_aanpassing_cmfo,Deel A4. Afmetingen en positie van de balk,radio,Hoogte 9 tot 10 mm,"1, Ja|2, Nee",,,,,,,,,,,,
e23_a4_hoogte,e23_aanpassing_cmfo,,text,Gemeten hoogte (mm),,,number_1dp,0,30,,,,,,,,
e23_a4_positie_ok,e23_aanpassing_cmfo,,radio,Positie 6 tot 11 mm proximaal van de metatarsale koppen,"1, Ja|2, Nee",,,,,,,,,,,,
e23_a4_positie,e23_aanpassing_cmfo,,text,Gemeten positie (mm),,,number_1dp,0,50,,,,,,,,
e23_b1_past,e23_aanpassing_cmfo,Deel B1. Pasvorm binnenschoeisel,radio,Orthese past volledig in het binnenschoeisel,"1, Adequaat|2, Niet adequaat",,,,,,,,,,e23_b1,,
e23_b1_vervorm,e23_aanpassing_cmfo,,radio,Geen zichtbare vervorming,"1, Adequaat|2, Niet adequaat",,,,,,,,,,e23_b1,,
e23_b1_hiel,e23_aanpassing_cmfo,,radio,Hielpositie stabiel,"1, Adequaat|2, Niet adequaat",,,,,,,,,,e23_b1,,
e23_b1_druk,e23_aanpassing_cmfo,,radio,Geen overmatige drukpunten gerapporteerd,"1, Adequaat|2, Niet adequaat",,,,,,,,,,e23_b1,,
e23_b2_past,e23_aanpassing_cmfo,Deel B2. Pasvorm buitenschoeisel,radio,Orthese past volledig in het buitenschoeisel,"1, Adequaat|2, Niet adequaat",,,,,,,,,,e23_b2,,
e23_b2_sluit,e23_aanpassing_cmfo,,radio,Schoen kan gesloten worden zonder spanning,"1, Adequaat|2, Niet adequaat",,,,,,,,,,e23_b2,,
e23_b2_schuif,e23_aanpassing_cmfo,,radio,Geen verschuiving tijdens het stappen,"1, Adequaat|2, Niet adequaat",,,,,,,,,,e23_b2,,
e23_b2_zones,e23_aanpassing_cmfo,,radio,Geen zichtbare drukzones,"1, Adequaat|2, Niet adequaat",,,,,,,,,,e23_b2,,
e23_b2_comfort,e23_aanpassing_cmfo,,text,"Comfort voor de patiënt, subjectief (0-10)",,,integer,0,10,,,,,,,,
e23_f_boven,e23_aanpassing_cmfo,"Deel C. Fotodocumentatie, op te slaan onder de deelnemerscode",radio,Orthese bovenaanzicht,"1, Ja|0, Nee",,,,,,,,,,e23_foto,,
e23_f_onder,e23_aanpassing_cmfo,,radio,Orthese onderaanzicht,"1, Ja|0, Nee",,,,,,,,,,e23_foto,,
e23_f_zij,e23_aanpassing_cmfo,,radio,Orthese zijaanzicht,"1, Ja|0, Nee",,,,,,,,,,e23_foto,,
e23_f_in_binnen,e23_aanpassing_cmfo,,radio,Orthese in binnenschoeisel,"1, Ja|0, Nee",,,,,,,,,,e23_foto,,
e23_f_in_buiten,e23_aanpassing_cmfo,,radio,Orthese in buitenschoeisel,"1, Ja|0, Nee",,,,,,,,,,e23_foto,,
e23_f_sch_binnen,e23_aanpassing_cmfo,,radio,Binnenschoeisel,"1, Ja|0, Nee",,,,,,,,,,e23_foto,,
e23_f_sch_buiten,e23_aanpassing_cmfo,,radio,Buitenschoeisel,"1, Ja|0, Nee",,,,,,,,,,e23_foto,,
e23_opmerkingen,e23_aanpassing_cmfo,,notes,Opmerkingen,,,,,,,,,,,,,
e23_door,e23_aanpassing_cmfo,,text,Ingevoerd door (initialen),,Initialen van het studieteamlid dat overzet,,,,,,,,,,,
e24uc_datum,e24_drukmeting_uc,,text,Datum van de meting,,"dd-mm-jjjj, zoals op het papieren werkblad",date_dmy,,,,,y,,,,,
e24uc_moment,e24_drukmeting_uc,1. Meetopzet,radio,Meetmoment,"1, Visite 2, aflevering van de CMFO|2, Maand 6|3, Maand 12|4, Maand 18",,,,,,,y,,,,,
e24uc_overgenomen,e24_drukmeting_uc,,yesno,Doelregio’s overgenomen van het vorige formulier,,"Op maand 6, 12 en 18 worden de regio’s niet opnieuw gekozen",,,,,[e24uc_moment] <> '1',,,,,,
e24uc_snelheid,e24_drukmeting_uc,,text,Loopsnelheid (m/s),,Binnen 5% van de baselinesnelheid,number_2dp,0.1,3,,,,,,,,
e24uc_zon_hiel_li,e24_drukmeting_uc,"2. Piekdruk per regio, in-shoe zónder de CMFO",text,"Hiel, links",,"In kPa. Deze meting is de referentie van dít moment, niet die van baseline",number_1dp,0,,,,,,,,,
e24uc_zon_hiel_re,e24_drukmeting_uc,,text,"Hiel, rechts",,,number_1dp,0,,,,,,,,,
e24uc_zon_midmed_li,e24_drukmeting_uc,,text,"Mediale middenvoet, links",,,number_1dp,0,,,,,,,,,
e24uc_zon_midmed_re,e24_drukmeting_uc,,text,"Mediale middenvoet, rechts",,,number_1dp,0,,,,,,,,,
e24uc_zon_midlat_li,e24_drukmeting_uc,,text,"Laterale middenvoet, links",,,number_1dp,0,,,,,,,,,
e24uc_zon_midlat_re,e24_drukmeting_uc,,text,"Laterale middenvoet, rechts",,,number_1dp,0,,,,,,,,,
e24uc_zon_mt1_li,e24_drukmeting_uc,,text,"Metatarsaal 1, links",,,number_1dp,0,,,,,,,,,
e24uc_zon_mt1_re,e24_drukmeting_uc,,text,"Metatarsaal 1, rechts",,,number_1dp,0,,,,,,,,,
e24uc_zon_mt23_li,e24_drukmeting_uc,,text,"Metatarsaal 2-3, links",,,number_1dp,0,,,,,,,,,
e24uc_zon_mt23_re,e24_drukmeting_uc,,text,"Metatarsaal 2-3, rechts",,,number_1dp,0,,,,,,,,,
e24uc_zon_mt45_li,e24_drukmeting_uc,,text,"Metatarsaal 4-5, links",,,number_1dp,0,,,,,,,,,
e24uc_zon_mt45_re,e24_drukmeting_uc,,text,"Metatarsaal 4-5, rechts",,,number_1dp,0,,,,,,,,,
e24uc_zon_hallux_li,e24_drukmeting_uc,,text,"Hallux, links",,,number_1dp,0,,,,,,,,,
e24uc_zon_hallux_re,e24_drukmeting_uc,,text,"Hallux, rechts",,,number_1dp,0,,,,,,,,,
e24uc_zon_tenen_li,e24_drukmeting_uc,,text,"Tenen 2-5, links",,,number_1dp,0,,,,,,,,,
e24uc_zon_tenen_re,e24_drukmeting_uc,,text,"Tenen 2-5, rechts",,,number_1dp,0,,,,,,,,,
e24uc_d1_regio,e24_drukmeting_uc,3. De drie doelregio’s,dropdown,Doelregio 1,"1, Hiel|2, Mediale middenvoet|3, Laterale middenvoet|4, Metatarsaal 1|5, Metatarsaal 2-3|6, Metatarsaal 4-5|7, Hallux|8, Tenen 2-5",,,,,,,,,,,,
e24uc_d1_zijde,e24_drukmeting_uc,,radio,Doelregio 1 — zijde,"1, Links|2, Rechts",,,,,,,,,,,,
e24uc_d1_ulcus,e24_drukmeting_uc,,yesno,Doelregio 1 — voorgeschiedenis van voetzweer op deze regio,,,,,,,,,,,,,
e24uc_d1_zonder,e24_drukmeting_uc,,text,Doelregio 1 — piekdruk zónder de CMFO (kPa),,,number_1dp,0,,,,,,,,,
e24uc_d1_met,e24_drukmeting_uc,,text,Doelregio 1 — piekdruk mét de CMFO (kPa),,,number_1dp,0,,,,,,,,,
e24uc_d2_regio,e24_drukmeting_uc,,dropdown,Doelregio 2,"1, Hiel|2, Mediale middenvoet|3, Laterale middenvoet|4, Metatarsaal 1|5, Metatarsaal 2-3|6, Metatarsaal 4-5|7, Hallux|8, Tenen 2-5",,,,,,,,,,,,
e24uc_d2_zijde,e24_drukmeting_uc,,radio,Doelregio 2 — zijde,"1, Links|2, Rechts",,,,,,,,,,,,
e24uc_d2_ulcus,e24_drukmeting_uc,,yesno,Doelregio 2 — voorgeschiedenis van voetzweer op deze regio,,,,,,,,,,,,,
e24uc_d2_zonder,e24_drukmeting_uc,,text,Doelregio 2 — piekdruk zónder de CMFO (kPa),,,number_1dp,0,,,,,,,,,
e24uc_d2_met,e24_drukmeting_uc,,text,Doelregio 2 — piekdruk mét de CMFO (kPa),,,number_1dp,0,,,,,,,,,
e24uc_d3_regio,e24_drukmeting_uc,,dropdown,Doelregio 3,"1, Hiel|2, Mediale middenvoet|3, Laterale middenvoet|4, Metatarsaal 1|5, Metatarsaal 2-3|6, Metatarsaal 4-5|7, Hallux|8, Tenen 2-5",,,,,,,,,,,,
e24uc_d3_zijde,e24_drukmeting_uc,,radio,Doelregio 3 — zijde,"1, Links|2, Rechts",,,,,,,,,,,,
e24uc_d3_ulcus,e24_drukmeting_uc,,yesno,Doelregio 3 — voorgeschiedenis van voetzweer op deze regio,,,,,,,,,,,,,
e24uc_d3_zonder,e24_drukmeting_uc,,text,Doelregio 3 — piekdruk zónder de CMFO (kPa),,,number_1dp,0,,,,,,,,,
e24uc_d3_met,e24_drukmeting_uc,,text,Doelregio 3 — piekdruk mét de CMFO (kPa),,,number_1dp,0,,,,,,,,,
e24uc_blind,e24_drukmeting_uc,4. Blindering,descriptive,"<b>Usual Care.</b> De mate van ontlasting wordt niet met de zorgverlener of de deelnemer besproken en stuurt de aanpassing van de zool niet. Meten en noteren, verder niets.",,,,,,,,,,,,,
e24uc_opmerkingen,e24_drukmeting_uc,,notes,Opmerkingen,,,,,,,,,,,,,
e24uc_door,e24_drukmeting_uc,,text,Ingevoerd door (initialen),,Initialen van het studieteamlid dat overzet,,,,,,,,,,,
e24oc_datum,e24_drukherverdeling_oc,,text,Datum van de meting,,"dd-mm-jjjj, zoals op het papieren werkblad",date_dmy,,,,,y,,,,,
e24oc_moment,e24_drukherverdeling_oc,1. Meetopzet,radio,Meetmoment,"1, Visite 2, aflevering van de CMFO|2, Maand 6|3, Maand 12|4, Maand 18",,,,,,,y,,,,,
e24oc_overgenomen,e24_drukherverdeling_oc,,yesno,Doelregio’s overgenomen van het vorige formulier,,"Op maand 6, 12 en 18 worden de regio’s niet opnieuw gekozen",,,,,[e24oc_moment] <> '1',,,,,,
e24oc_snelheid,e24_drukherverdeling_oc,,text,Loopsnelheid (m/s),,Binnen 5% van de baselinesnelheid,number_2dp,0.1,3,,,,,,,,
e24oc_zon_hiel_li,e24_drukherverdeling_oc,"2. Piekdruk per regio, in-shoe zónder de CMFO",text,"Hiel, links",,"In kPa. Deze meting is de referentie van dít moment, niet die van baseline",number_1dp,0,,,,,,,,,
e24oc_zon_hiel_re,e24_drukherverdeling_oc,,text,"Hiel, rechts",,,number_1dp,0,,,,,,,,,
e24oc_zon_midmed_li,e24_drukherverdeling_oc,,text,"Mediale middenvoet, links",,,number_1dp,0,,,,,,,,,
e24oc_zon_midmed_re,e24_drukherverdeling_oc,,text,"Mediale middenvoet, rechts",,,number_1dp,0,,,,,,,,,
e24oc_zon_midlat_li,e24_drukherverdeling_oc,,text,"Laterale middenvoet, links",,,number_1dp,0,,,,,,,,,
e24oc_zon_midlat_re,e24_drukherverdeling_oc,,text,"Laterale middenvoet, rechts",,,number_1dp,0,,,,,,,,,
e24oc_zon_mt1_li,e24_drukherverdeling_oc,,text,"Metatarsaal 1, links",,,number_1dp,0,,,,,,,,,
e24oc_zon_mt1_re,e24_drukherverdeling_oc,,text,"Metatarsaal 1, rechts",,,number_1dp,0,,,,,,,,,
e24oc_zon_mt23_li,e24_drukherverdeling_oc,,text,"Metatarsaal 2-3, links",,,number_1dp,0,,,,,,,,,
e24oc_zon_mt23_re,e24_drukherverdeling_oc,,text,"Metatarsaal 2-3, rechts",,,number_1dp,0,,,,,,,,,
e24oc_zon_mt45_li,e24_drukherverdeling_oc,,text,"Metatarsaal 4-5, links",,,number_1dp,0,,,,,,,,,
e24oc_zon_mt45_re,e24_drukherverdeling_oc,,text,"Metatarsaal 4-5, rechts",,,number_1dp,0,,,,,,,,,
e24oc_zon_hallux_li,e24_drukherverdeling_oc,,text,"Hallux, links",,,number_1dp,0,,,,,,,,,
e24oc_zon_hallux_re,e24_drukherverdeling_oc,,text,"Hallux, rechts",,,number_1dp,0,,,,,,,,,
e24oc_zon_tenen_li,e24_drukherverdeling_oc,,text,"Tenen 2-5, links",,,number_1dp,0,,,,,,,,,
e24oc_zon_tenen_re,e24_drukherverdeling_oc,,text,"Tenen 2-5, rechts",,,number_1dp,0,,,,,,,,,
e24oc_d1_regio,e24_drukherverdeling_oc,"3. Doelregio’s, norm en aanpassingen",dropdown,Doelregio 1,"1, Hiel|2, Mediale middenvoet|3, Laterale middenvoet|4, Metatarsaal 1|5, Metatarsaal 2-3|6, Metatarsaal 4-5|7, Hallux|8, Tenen 2-5",,,,,,,,,,,,
e24oc_d1_zijde,e24_drukherverdeling_oc,,radio,Doelregio 1 — zijde,"1, Links|2, Rechts",,,,,,,,,,,,
e24oc_d1_ulcus,e24_drukherverdeling_oc,,yesno,Doelregio 1 — voorgeschiedenis van voetzweer op deze regio,,,,,,,,,,,,,
e24oc_d1_zonder,e24_drukherverdeling_oc,,text,Doelregio 1 — piekdruk zónder de CMFO (kPa),,,number_1dp,0,,,,,,,,,
e24oc_d1_met,e24_drukherverdeling_oc,,text,Doelregio 1 — piekdruk mét de CMFO (kPa),,De waarde die telt: na de laatste aanpassing van deze sessie,number_1dp,0,,,,,,,,,
e24oc_d1_test1,e24_drukherverdeling_oc,,text,Doelregio 1 — extra ontlastingstest 1 (kPa),,Alleen invullen als de norm bij de eerste meting niet gehaald werd,number_1dp,0,,,,,,,,,
e24oc_d1_test2,e24_drukherverdeling_oc,,text,Doelregio 1 — extra ontlastingstest 2 (kPa),,,number_1dp,0,,,,,,,,,
e24oc_d1_reductie,e24_drukherverdeling_oc,,calc,Doelregio 1 — reductie ten opzichte van zónder de CMFO (%),"round(([e24oc_d1_zonder]-[e24oc_d1_met])/[e24oc_d1_zonder]*100,1)",Wordt berekend,,,,,,,,,,,
e24oc_d1_norm,e24_drukherverdeling_oc,,calc,Doelregio 1 — norm gehaald op deze doelregio,"if([e24oc_d1_met]<200 or ([e24oc_d1_zonder]-[e24oc_d1_met])/[e24oc_d1_zonder]>=0.25,1,0)","1 = gehaald, 0 = niet gehaald. De norm is piekdruk onder 200 kPa óf minstens 25% lager dan zónder de zool, in dezelfde sessie",,,,,,,,,,,
e24oc_d2_regio,e24_drukherverdeling_oc,,dropdown,Doelregio 2,"1, Hiel|2, Mediale middenvoet|3, Laterale middenvoet|4, Metatarsaal 1|5, Metatarsaal 2-3|6, Metatarsaal 4-5|7, Hallux|8, Tenen 2-5",,,,,,,,,,,,
e24oc_d2_zijde,e24_drukherverdeling_oc,,radio,Doelregio 2 — zijde,"1, Links|2, Rechts",,,,,,,,,,,,
e24oc_d2_ulcus,e24_drukherverdeling_oc,,yesno,Doelregio 2 — voorgeschiedenis van voetzweer op deze regio,,,,,,,,,,,,,
e24oc_d2_zonder,e24_drukherverdeling_oc,,text,Doelregio 2 — piekdruk zónder de CMFO (kPa),,,number_1dp,0,,,,,,,,,
e24oc_d2_met,e24_drukherverdeling_oc,,text,Doelregio 2 — piekdruk mét de CMFO (kPa),,De waarde die telt: na de laatste aanpassing van deze sessie,number_1dp,0,,,,,,,,,
e24oc_d2_test1,e24_drukherverdeling_oc,,text,Doelregio 2 — extra ontlastingstest 1 (kPa),,Alleen invullen als de norm bij de eerste meting niet gehaald werd,number_1dp,0,,,,,,,,,
e24oc_d2_test2,e24_drukherverdeling_oc,,text,Doelregio 2 — extra ontlastingstest 2 (kPa),,,number_1dp,0,,,,,,,,,
e24oc_d2_reductie,e24_drukherverdeling_oc,,calc,Doelregio 2 — reductie ten opzichte van zónder de CMFO (%),"round(([e24oc_d2_zonder]-[e24oc_d2_met])/[e24oc_d2_zonder]*100,1)",Wordt berekend,,,,,,,,,,,
e24oc_d2_norm,e24_drukherverdeling_oc,,calc,Doelregio 2 — norm gehaald op deze doelregio,"if([e24oc_d2_met]<200 or ([e24oc_d2_zonder]-[e24oc_d2_met])/[e24oc_d2_zonder]>=0.25,1,0)","1 = gehaald, 0 = niet gehaald. De norm is piekdruk onder 200 kPa óf minstens 25% lager dan zónder de zool, in dezelfde sessie",,,,,,,,,,,
e24oc_d3_regio,e24_drukherverdeling_oc,,dropdown,Doelregio 3,"1, Hiel|2, Mediale middenvoet|3, Laterale middenvoet|4, Metatarsaal 1|5, Metatarsaal 2-3|6, Metatarsaal 4-5|7, Hallux|8, Tenen 2-5",,,,,,,,,,,,
e24oc_d3_zijde,e24_drukherverdeling_oc,,radio,Doelregio 3 — zijde,"1, Links|2, Rechts",,,,,,,,,,,,
e24oc_d3_ulcus,e24_drukherverdeling_oc,,yesno,Doelregio 3 — voorgeschiedenis van voetzweer op deze regio,,,,,,,,,,,,,
e24oc_d3_zonder,e24_drukherverdeling_oc,,text,Doelregio 3 — piekdruk zónder de CMFO (kPa),,,number_1dp,0,,,,,,,,,
e24oc_d3_met,e24_drukherverdeling_oc,,text,Doelregio 3 — piekdruk mét de CMFO (kPa),,De waarde die telt: na de laatste aanpassing van deze sessie,number_1dp,0,,,,,,,,,
e24oc_d3_test1,e24_drukherverdeling_oc,,text,Doelregio 3 — extra ontlastingstest 1 (kPa),,Alleen invullen als de norm bij de eerste meting niet gehaald werd,number_1dp,0,,,,,,,,,
e24oc_d3_test2,e24_drukherverdeling_oc,,text,Doelregio 3 — extra ontlastingstest 2 (kPa),,,number_1dp,0,,,,,,,,,
e24oc_d3_reductie,e24_drukherverdeling_oc,,calc,Doelregio 3 — reductie ten opzichte van zónder de CMFO (%),"round(([e24oc_d3_zonder]-[e24oc_d3_met])/[e24oc_d3_zonder]*100,1)",Wordt berekend,,,,,,,,,,,
e24oc_d3_norm,e24_drukherverdeling_oc,,calc,Doelregio 3 — norm gehaald op deze doelregio,"if([e24oc_d3_met]<200 or ([e24oc_d3_zonder]-[e24oc_d3_met])/[e24oc_d3_zonder]>=0.25,1,0)","1 = gehaald, 0 = niet gehaald. De norm is piekdruk onder 200 kPa óf minstens 25% lager dan zónder de zool, in dezelfde sessie",,,,,,,,,,,
e24oc_norm_totaal,e24_drukherverdeling_oc,4. Uitkomst en aanpassingen,calc,Aantal doelregio’s waar de norm gehaald is,[e24oc_d1_norm]+[e24oc_d2_norm]+[e24oc_d3_norm],Van drie,,,,,,,,,,,
e24oc_stijging,e24_drukherverdeling_oc,,yesno,Piekdruk op een doelregio met 5% of meer gestegen tegenover de vorige meting,,"Ook dan wordt de zool aangepast, ook als de norm nog gehaald wordt",,,,,[e24oc_moment] <> '1',,,,,,
e24oc_aanpassingen,e24_drukherverdeling_oc,,notes,Uitgevoerde aanpassingen aan de CMFO,,Beschrijf per doelregio wat er gewijzigd is,,,,,,,,,,,
e24oc_duplicaat,e24_drukherverdeling_oc,,yesno,Identiek duplicaatpaar aangemaakt,,"Zodra de drukdoelen gehaald zijn maakt de pedorthist een tweede, identiek paar",,,,,[e24oc_moment] = '1',,,,,,
e24oc_opmerkingen,e24_drukherverdeling_oc,,notes,Opmerkingen,,,,,,,,,,,,,
e24oc_door,e24_drukherverdeling_oc,,text,Ingevoerd door (initialen),,Initialen van het studieteamlid dat overzet,,,,,,,,,,,
e25_datum,e25_udi_orthotimer,,text,Datum van registratie,,"dd-mm-jjjj, zoals op het papieren werkblad",date_dmy,,,,,y,,,,,
e25_type,e25_udi_orthotimer,Toestelinformatie,text,Naam of type van het toestel,,Orthotimer temperatuursensor,,,,,,,,,,,
e25_fabrikant,e25_udi_orthotimer,,text,Fabrikant,,,,,,,,,,,,,
e25_udi,e25_udi_orthotimer,,text,Referentie- of UDI-nummer,,,,,,,,y,,,,,
e25_handeling,e25_udi_orthotimer,Handeling,radio,Handeling bij dit bezoek,"1, Activatie en plaatsing in de CMFO|2, Uitlezing|3, Uitlezing en vervanging van de sensor",,,,,,,y,,,,,
e25_act_datum,e25_udi_orthotimer,,text,Datum van activatie,,,date_dmy,,,,[e25_handeling] = '1',,,,,,
e25_act_tijd,e25_udi_orthotimer,,text,Tijdstip van activatie,,,time,,,,[e25_handeling] = '1',,,,,,
e25_interval,e25_udi_orthotimer,,text,Meetinterval (minuten),,Protocol: 15 minuten,integer,1,1440,,[e25_handeling] = '1',,,,,,
e25_read_datum,e25_udi_orthotimer,,text,Datum van uitlezing,,,date_dmy,,,,[e25_handeling] <> '1',,,,,,
e25_read_tijd,e25_udi_orthotimer,,text,Tijdstip van uitlezing,,,time,,,,[e25_handeling] <> '1',,,,,,
e25_therapeut,e25_udi_orthotimer,,text,Therapeut (initialen),,,,,,,,,,,,,
e25_batterij,e25_udi_orthotimer,,yesno,Batterij vervangen,,Ongeveer 100 dagen levensduur; elke drie maanden vervangen,,,,,,,,,,,
e25_opmerkingen,e25_udi_orthotimer,,notes,Opmerkingen,,,,,,,,,,,,,
e25_door,e25_udi_orthotimer,,text,Ingevoerd door (initialen),,Initialen van het studieteamlid dat overzet,,,,,,,,,,,
e26_datum,e26_overtuigingen,,text,Datum van afname,,"dd-mm-jjjj, zoals op het papieren werkblad",date_dmy,,,,,y,,,,,
e26_bui_logisch,e26_overtuigingen,1. Geloofwaardigheid en verwachting: buitenschoeisel,text,1. Hoe logisch lijkt de aangeboden behandeling met buitenschoeisel u op dit moment,,"1 = helemaal niet logisch, 5 = enigszins logisch, 9 = zeer logisch",integer,1,9,,,y,,,,,
e26_bui_helpen,e26_overtuigingen,,text,2. In welke mate denkt u dat dit buitenschoeisel u zal helpen,,"1 = helemaal niet nuttig, 5 = enigszins nuttig, 9 = zeer nuttig",integer,1,9,,,y,,,,,
e26_bui_aanbevelen,e26_overtuigingen,,text,3. Hoe zeker zou u zijn om dit type buitenschoeisel aan te bevelen aan een vriend of vriendin met gelijkaardige problemen,,"1 = helemaal niet zeker, 5 = enigszins zeker, 9 = zeer zeker",integer,1,9,,,y,,,,,
e26_bui_bescherming,e26_overtuigingen,,text,"4. Vindt u dat uw buitenschoeisel voldoende bescherming biedt tegen letsels zoals uitglijden, vallen of drukwonden",,"1 = ja volledig, 5 = enigszins, 9 = helemaal niet",integer,1,9,,,y,,,,,
e26_bui_voetgezond,e26_overtuigingen,,text,5. Hoe denkt u dat uw buitenschoeisel uw voetgezondheid beïnvloedt,,"1 = bevordert voetgezondheid, 5 = geen verandering, 9 = verslechtert voetgezondheid",integer,1,9,,,y,,,,,
e26_bui_effect3mnd,e26_overtuigingen,,text,6. Denkt u dat uw buitenschoeisel tegen de volgende afspraak over drie maanden nog hetzelfde effect zal hebben,,"1 = ja volledig, 5 = enigszins, 9 = helemaal niet",integer,1,9,,,y,,,,,
e26_bin_logisch,e26_overtuigingen,2. Geloofwaardigheid en verwachting: binnenschoeisel,text,1. Hoe logisch lijkt de aangeboden behandeling met binnenschoeisel u op dit moment,,"1 = helemaal niet logisch, 5 = enigszins logisch, 9 = zeer logisch",integer,1,9,,,y,,,,,
e26_bin_helpen,e26_overtuigingen,,text,2. In welke mate denkt u dat dit binnenschoeisel u zal helpen,,"1 = helemaal niet nuttig, 5 = enigszins nuttig, 9 = zeer nuttig",integer,1,9,,,y,,,,,
e26_bin_aanbevelen,e26_overtuigingen,,text,3. Hoe zeker zou u zijn om dit type binnenschoeisel aan te bevelen aan een vriend of vriendin met gelijkaardige problemen,,"1 = helemaal niet zeker, 5 = enigszins zeker, 9 = zeer zeker",integer,1,9,,,y,,,,,
e26_bin_bescherming,e26_overtuigingen,,text,"4. Vindt u dat uw binnenschoeisel voldoende bescherming biedt tegen letsels zoals uitglijden, vallen of drukwonden",,"1 = ja volledig, 5 = enigszins, 9 = helemaal niet",integer,1,9,,,y,,,,,
e26_bin_voetgezond,e26_overtuigingen,,text,5. Hoe denkt u dat uw binnenschoeisel uw voetgezondheid beïnvloedt,,"1 = bevordert voetgezondheid, 5 = geen verandering, 9 = verslechtert voetgezondheid",integer,1,9,,,y,,,,,
e26_bin_effect3mnd,e26_overtuigingen,,text,6. Denkt u dat uw binnenschoeisel tegen de volgende afspraak over drie maanden nog hetzelfde effect zal hebben,,"1 = ja volledig, 5 = enigszins, 9 = helemaal niet",integer,1,9,,,y,,,,,
e26_opmerkingen,e26_overtuigingen,3. Opmerkingen,notes,Opmerkingen,,,,,,,,,,,,,
e26_door,e26_overtuigingen,,text,Ingevoerd door (initialen),,Initialen van het studieteamlid dat overzet,,,,,,,,,,,
e27_datum,e27_udi_movemonitor_retour,,text,Datum van registratie,,"dd-mm-jjjj, zoals op het papieren werkblad",date_dmy,,,,,y,,,,,
e27_udi,e27_udi_movemonitor_retour,Teruggave,text,Referentie- of UDI-nummer,,Moet overeenkomen met eCRF 20,,,,,,y,,,,,
e27_ret_datum,e27_udi_movemonitor_retour,,text,Datum van teruggave,,,date_dmy,,,,,y,,,,,
e27_ret_tijd,e27_udi_movemonitor_retour,,text,Tijdstip van teruggave,,,time,,,,,,,,,,
e27_ontvangen,e27_udi_movemonitor_retour,,text,Ontvangen door (initialen),,,,,,,,,,,,,
e27_staat,e27_udi_movemonitor_retour,,radio,Toestel in goede staat,"1, Ja|2, Nee",,,,,,,y,,,,,
e27_data_ok,e27_udi_movemonitor_retour,,yesno,Data volledig uitgelezen,,,,,,,,,,,,,
e27_opmerkingen,e27_udi_movemonitor_retour,,notes,Opmerkingen,,Bij beschadiging of ontbrekende data,,,,,,,,,,,
e27_door,e27_udi_movemonitor_retour,,text,Ingevoerd door (initialen),,Initialen van het studieteamlid dat overzet,,,,,,,,,,,
e28_datum,e28_activiteitenprofiel,,text,Datum van het rapport,,"dd-mm-jjjj, zoals op het papieren werkblad",date_dmy,,,,,y,,,,,
e28_uitleg,e28_activiteitenprofiel,Activiteitenprofiel,descriptive,De podoloog drukt het rapport <i>Physical Activity Report</i> uit de DynaPort-software af en neemt daarvan een samenvatting op in het patiëntspecifieke rapport. SEBIA stap 2.,,,,,,,,,,,,,
e28_stappen,e28_activiteitenprofiel,,text,Gemiddeld aantal stappen per dag,,,integer,0,,,,,,,,,
e28_variabiliteit,e28_activiteitenprofiel,,notes,Variabiliteit in het aantal stappen gedurende de week,,,,,,,,,,,,,
e28_trappen,e28_activiteitenprofiel,,text,Gemiddeld aantal trappen per dag,,,integer,0,,,,,,,,,
e28_verdeling,e28_activiteitenprofiel,,notes,Temporele verdeling van de activiteit gedurende de dag,,,,,,,,,,,,,
e28_waaktijd,e28_activiteitenprofiel,Draagdoel,text,Waaktijd per dag uit het MoveMonitorprofiel (uren),,De tijd tussen de twee nachten,number_1dp,0,24,,,,,,,,
e28_draagdoel,e28_activiteitenprofiel,,calc,Gepersonaliseerd draagdoel: 80% van de waaktijd (uren),"round([e28_waaktijd]*0.8,1)","Wordt berekend en dient als invoer voor de Orthotimer-software. De 80% wordt één keer toegepast, niet twee keer",,,,,,,,,,,
e28_besproken,e28_activiteitenprofiel,,yesno,Profiel en draagdoel met de deelnemer besproken,,,,,,,,,,,,,
e28_opmerkingen,e28_activiteitenprofiel,,notes,Opmerkingen,,,,,,,,,,,,,
e28_door,e28_activiteitenprofiel,,text,Ingevoerd door (initialen),,Initialen van het studieteamlid dat overzet,,,,,,,,,,,
e29_datum,e29_teach_back,,text,Datum van afname,,"dd-mm-jjjj, zoals op het papieren werkblad",date_dmy,,,,,y,,,,,
e29_a_themas,e29_teach_back,DEEL A — te herinneren educatiethema’s,checkbox,Thema’s die eerder werden uitgelegd en nu geëvalueerd worden,"1, Dagelijkse voetinspectie|2, Voethygiëne|3, Nagelzorg|4, Gebruik van schoeisel, binnen en buiten|5, Gebruik van orthesen|6, Drukontlastende strategieën|7, Wanneer contact opnemen met een zorgverlener|8, Ander thema",,,,,,,,,,,,
e29_a_opmerkingen,e29_teach_back,,notes,Opmerkingen bij de gekozen thema’s,,,,,,,,,,,,,
e29_instructie,e29_teach_back,Deel A en B. Beoordeelde thema’s en prestatie,descriptive,"Vraag de deelnemer het thema in eigen woorden uit te leggen of te demonstreren, bijvoorbeeld: kunt u tonen hoe u dagelijks uw voeten controleert.",,,,,,,,,,,,,
e29_b_inspectie,e29_teach_back,,radio,Dagelijkse voetinspectie,"0, Onjuist of niet in staat te herinneren|1, Gedeeltelijk herinnerd, met hulp of kleine correcties|2, Correct en volledig herinnerd, geen hulp nodig",,,,,,,,,,e29_score,,
e29_b_hygiene,e29_teach_back,,radio,Voethygiëne,"0, Onjuist of niet in staat te herinneren|1, Gedeeltelijk herinnerd, met hulp of kleine correcties|2, Correct en volledig herinnerd, geen hulp nodig",,,,,,,,,,e29_score,,
e29_b_nagels,e29_teach_back,,radio,Nagelzorg,"0, Onjuist of niet in staat te herinneren|1, Gedeeltelijk herinnerd, met hulp of kleine correcties|2, Correct en volledig herinnerd, geen hulp nodig",,,,,,,,,,e29_score,,
e29_b_schoeisel,e29_teach_back,,radio,"Gebruik van schoeisel, binnen en buiten","0, Onjuist of niet in staat te herinneren|1, Gedeeltelijk herinnerd, met hulp of kleine correcties|2, Correct en volledig herinnerd, geen hulp nodig",,,,,,,,,,e29_score,,
e29_b_orthese,e29_teach_back,,radio,Gebruik van orthesen,"0, Onjuist of niet in staat te herinneren|1, Gedeeltelijk herinnerd, met hulp of kleine correcties|2, Correct en volledig herinnerd, geen hulp nodig",,,,,,,,,,e29_score,,
e29_b_ontlasting,e29_teach_back,,radio,Drukontlastende strategieën,"0, Onjuist of niet in staat te herinneren|1, Gedeeltelijk herinnerd, met hulp of kleine correcties|2, Correct en volledig herinnerd, geen hulp nodig",,,,,,,,,,e29_score,,
e29_b_contact,e29_teach_back,,radio,Wanneer contact opnemen met een zorgverlener,"0, Onjuist of niet in staat te herinneren|1, Gedeeltelijk herinnerd, met hulp of kleine correcties|2, Correct en volledig herinnerd, geen hulp nodig",,,,,,,,,,e29_score,,
e29_ander_thema,e29_teach_back,,text,"Ander thema, welk",,,,,,,,,,,,,
e29_b_ander,e29_teach_back,,radio,Score op het andere thema,"0, Onjuist of niet in staat te herinneren|1, Gedeeltelijk herinnerd, met hulp of kleine correcties|2, Correct en volledig herinnerd, geen hulp nodig",,,,,,[e29_ander_thema] <> '',,,,,,
e29_hulp,e29_teach_back,,checkbox,Bij welke thema’s was hulp nodig,"1, Dagelijkse voetinspectie|2, Voethygiëne|3, Nagelzorg|4, Gebruik van schoeisel, binnen en buiten|5, Gebruik van orthesen|6, Drukontlastende strategieën|7, Wanneer contact opnemen met een zorgverlener|8, Ander thema",,,,,,,,,,,,
e29_totaal,e29_teach_back,Deel C. Algemene beoordeling,calc,Totale score op de zeven vaste thema’s,[e29_b_inspectie]+[e29_b_hygiene]+[e29_b_nagels]+[e29_b_schoeisel]+[e29_b_orthese]+[e29_b_ontlasting]+[e29_b_contact],"Wordt berekend. Maximum 14: zeven thema’s maal 2. De codes zijn de scores zelf, dus de som klopt",,,,,,,,,,,
e29_algemeen,e29_teach_back,,radio,Algemeen herinneringsvermogen,"1, Adequaat|2, Matig|3, Onvoldoende",,,,,,,y,,,,,
e29_hiaten,e29_teach_back,,notes,Belangrijkste kennishiaten,,,,,,,,,,,,,
e29_her_inspectie,e29_teach_back,Deel D. Hereducatie,yesno,Voetinspectie opnieuw uitgelegd,,,,,,,,,,,,,
e29_her_schoeisel,e29_teach_back,,yesno,Schoeisel opnieuw uitgelegd,,,,,,,,,,,,,
e29_her_orthese,e29_teach_back,,yesno,Gebruik van orthesen opnieuw uitgelegd,,,,,,,,,,,,,
e29_her_ander,e29_teach_back,,text,"Ander thema opnieuw uitgelegd, welk",,,,,,,,,,,,,
e29_vertrouwen,e29_teach_back,Deel E. Vertrouwen van de deelnemer,text,Hoe zeker voelt u zich in het uitvoeren van uw voetverzorging (0-10),,,integer,0,10,,,,,,,,
e29_vragen,e29_teach_back,,notes,Vragen of bezorgdheden van de deelnemer,,,,,,,,,,,,,
e29_door,e29_teach_back,,text,Ingevoerd door (initialen),,Initialen van het studieteamlid dat overzet,,,,,,,,,,,
e31_datum,e31_therapietrouw,,text,Datum van afname,,"dd-mm-jjjj, zoals op het papieren werkblad",date_dmy,,,,,y,,,,,
e31_vas_week,e31_therapietrouw,1. Zelfgerapporteerde therapietrouw,text,"Op een schaal van 0 tot 10, hoe vaak heeft u uw voorgeschreven beschermend schoeisel gedragen in de afgelopen week",,"0 = nooit, 10 = altijd",integer,0,10,,,y,,,,,
e31_vas_3mnd,e31_therapietrouw,,text,En in de afgelopen drie maanden,,"0 = nooit, 10 = altijd",integer,0,10,,,y,,,,,
e31_waarom_open,e31_therapietrouw,"2. Open vragen, teach-backmethode",notes,2a. Waarom moet u uw beschermend schoeisel dragen,,"Letterlijk noteren wat de deelnemer antwoordt, vóór het coderen",,,,,,,,,,,
e31_waarom,e31_therapietrouw,,checkbox,Codering van het antwoord op 2a,"1, Voorkomen van voetulcera|2, Verminderen van druk op de voet|3, Voorkomen van wonden of letsels|4, Bevorderen van genezing van bestaande ulcera|5, Voorkomen van amputatie|6, Bescherming tegen uitwendig trauma|7, Verbeteren van stabiliteit of balans|8, Verminderen van pijn of ongemak|9, Voorkomen van infectie|10, Behouden van mobiliteit of zelfstandigheid|11, Andere",Meerdere antwoorden mogelijk,,,,,,,,,,,
e31_waarom_ander,e31_therapietrouw,,text,"Andere reden, welke",,,,,,,[e31_waarom(11)] = '1',,,,,,
e31_wanneer_open,e31_therapietrouw,,notes,2b. Wanneer moet u uw beschermend schoeisel dragen,,Letterlijk noteren,,,,,,,,,,,
e31_wanneer,e31_therapietrouw,,checkbox,Codering van het antwoord op 2b,"1, Altijd bij staan of stappen|2, Binnenshuis|3, Buitenshuis|4, Tijdens dagelijkse activiteiten|5, Wanneer men naar buiten gaat|6, Tijdens werk of fysieke activiteit|7, Meteen bij het opstaan uit bed|8, Gedurende de hele dag|9, Telkens bij belasting van de voet|10, Behalve tijdens het slapen|11, Andere",Meerdere antwoorden mogelijk,,,,,,,,,,,
e31_wanneer_ander,e31_therapietrouw,,text,"Ander moment, welk",,,,,,,[e31_wanneer(11)] = '1',,,,,,
e31_begrip,e31_therapietrouw,3. Notities van de onderzoeker,radio,Niveau van begrip,"1, Goed|2, Gedeeltelijk|3, Onvoldoende",,,,,,,,,,,,
e31_opmerkingen,e31_therapietrouw,,notes,Aanvullende opmerkingen,,,,,,,,,,,,,
e31_door,e31_therapietrouw,,text,Ingevoerd door (initialen),,Initialen van het studieteamlid dat overzet,,,,,,,,,,,
e32_datum,e32_feedback_therapietrouw,,text,Datum van de terugkoppeling,,"dd-mm-jjjj, zoals op het papieren werkblad",date_dmy,,,,,y,,,,,
e32_herkomst,e32_feedback_therapietrouw,Herkomst van dit formulier,descriptive,<b>Let op.</b> Het bronformulier eCRF 32 bevat alleen studie-informatie en geen velden. De velden hieronder zijn opgebouwd uit wat het protocol over de terugkoppeling zegt en moeten bevestigd worden voordat het formulier in gebruik gaat.,,,,,,,,,,,,,
e32_draaguren,e32_feedback_therapietrouw,1. Uitgelezen therapietrouw,text,Gemiddelde draagtijd per dag uit de Orthotimer (uren),,,number_1dp,0,24,,,y,,,,,
e32_doel,e32_feedback_therapietrouw,,text,Gepersonaliseerd draagdoel (uren per dag),,"80% van de waaktijd, uit eCRF 28",number_1dp,0,24,,,,,,,,
e32_percentage,e32_feedback_therapietrouw,,calc,Bereikt percentage van het draagdoel,"round([e32_draaguren]/[e32_doel]*100,0)",Wordt berekend,,,,,,,,,,,
e32_gehaald,e32_feedback_therapietrouw,,calc,Draagdoel gehaald,"if([e32_draaguren]>=[e32_doel],1,0)","1 = ja, 0 = nee",,,,,,,,,,,
e32_getoond,e32_feedback_therapietrouw,2. Terugkoppeling,yesno,Grafiek of overzicht aan de deelnemer getoond,,,,,,,,,,,,,
e32_besproken,e32_feedback_therapietrouw,,notes,Wat is er met de deelnemer besproken,,"Wat ging goed, waar zat de moeilijkheid, welke afspraak is gemaakt",,,,,,,,,,,
e32_barriere,e32_feedback_therapietrouw,,checkbox,Genoemde barrières,"1, Comfort of pijn|2, Uiterlijk|3, Praktisch, aan- en uittrekken|4, Vergeten|5, Binnenshuis niet nodig geacht|6, Sociale omgeving|7, Andere",,,,,,,,,,,,
e32_barriere_ander,e32_feedback_therapietrouw,,text,"Andere barrière, welke",,,,,,,[e32_barriere(7)] = '1',,,,,,
e32_afspraak,e32_feedback_therapietrouw,,notes,Concrete afspraak tot het volgende bezoek,,,,,,,,,,,,,
e32_reactie,e32_feedback_therapietrouw,,radio,Reactie van de deelnemer op de terugkoppeling,"1, Herkent zich erin en wil bijsturen|2, Herkent zich erin maar ziet geen mogelijkheid tot bijsturen|3, Herkent zich er niet in",,,,,,,,,,,,
e32_opmerkingen,e32_feedback_therapietrouw,,notes,Opmerkingen,,,,,,,,,,,,,
e32_door,e32_feedback_therapietrouw,,text,Ingevoerd door (initialen),,Initialen van het studieteamlid dat overzet,,,,,,,,,,,
e33_datum,e33_vervanging,,text,Datum van het consult,,"dd-mm-jjjj, zoals op het papieren werkblad",date_dmy,,,,,y,,,,,
e33_behandelaar,e33_vervanging,1. Algemene gegevens,text,Behandelaar,,,,,,,,,,,,,
e33_nieuwe_zolen,e33_vervanging,2. Vervanging van de steunzolen,yesno,Nieuwe op maat gemaakte steunzolen verstrekt,,,,,,,,,,,,,
e33_reden,e33_vervanging,,radio,Reden van vervanging,"1, Routine, driemaandelijks|2, Slijtage|3, Drukplekken of huidproblemen|4, Aanpassing nodig|5, Andere",,,,,,[e33_nieuwe_zolen] = '1',,,,,,
e33_reden_ander,e33_vervanging,,text,"Andere reden, welke",,,,,,,[e33_reden] = '5',,,,,,
e33_specificaties,e33_vervanging,,notes,Specificaties van de nieuwe steunzolen,,,,,,,[e33_nieuwe_zolen] = '1',,,,,,
e33_welk_paar,e33_vervanging,,radio,Welk paar is bij dit bezoek onderhouden,"1, Paar 1|2, Paar 2|3, Beide",Vanaf maand 3 worden beide paren per kwartaal beoordeeld en om beurt onderhouden,,,,,,,,,,,
e33_pas_schoen,e33_vervanging,3. Controle pasvorm,yesno,Goed passend in het schoeisel,,,,,,,,,,,,,
e33_pas_positie,e33_vervanging,,yesno,Correcte positionering,,,,,,,,,,,,,
e33_pas_druk,e33_vervanging,,yesno,Geen drukpunten bij het passen,,,,,,,,,,,,,
e33_pas_ander,e33_vervanging,,text,Andere bevinding bij de pasvorm,,,,,,,,,,,,,
e33_sensor_plaats,e33_vervanging,4. Integratie van de compliance sensor,yesno,Sensor geplaatst in de steunzool,,,,,,,,,,,,,
e33_sensor_act,e33_vervanging,,yesno,Sensor correct geactiveerd,,,,,,,,,,,,,
e33_sensor_tijd,e33_vervanging,,yesno,Tijd en datum correct ingesteld,,,,,,,,,,,,,
e33_sensor_koppel,e33_vervanging,,yesno,Koppeling met het systeem gecontroleerd,,,,,,,,,,,,,
e33_sensor_nr,e33_vervanging,,text,Serienummer van de sensor,,,,,,,,,,,,,
e33_uitleg_doel,e33_vervanging,5. Instructies aan de deelnemer,yesno,Uitleg gegeven over het doel van de sensor,,"Monitoren van de draagtijd. Framing: uw sensor, enkel temperatuur, geen GPS, geluid of camera",,,,,,,,,,,
e33_uitleg_gebruik,e33_vervanging,,yesno,"Uitleg over het gebruik, geen impact op comfort",,,,,,,,,,,,,
e33_uitleg_privacy,e33_vervanging,,yesno,Uitleg over privacy en datagebruik,,,,,,,,,,,,,
e33_weet_continu,e33_vervanging,,yesno,Deelnemer weet dat de sensor continu gedragen wordt,,,,,,,,,,,,,
e33_teachback,e33_vervanging,,yesno,Teach-back uitgevoerd,,,,,,,,,,,,,
e33_teachback_res,e33_vervanging,,radio,Resultaat van de teach-back,"1, Begrijpt correct|2, Extra uitleg nodig",,,,,,[e33_teachback] = '1',,,,,,
e33_volgende,e33_vervanging,6. Afspraken,text,Datum van de volgende controle,,Ongeveer drie maanden later,date_dmy,,,,,,,,,,
e33_trouw_herhaald,e33_vervanging,,yesno,Uitleg over het belang van therapietrouw herhaald,,,,,,,,,,,,,
e33_contact,e33_vervanging,,yesno,Contact bij problemen afgesproken,,,,,,,,,,,,,
e33_opmerkingen,e33_vervanging,,notes,Opmerkingen,,,,,,,,,,,,,
e33_door,e33_vervanging,,text,Ingevoerd door (initialen),,Initialen van het studieteamlid dat overzet,,,,,,,,,,,
e34_datum,e34_imcq,,text,A1. Op welke datum vult u deze vragenlijst in?,,dd-mm-jjjj,date_dmy,,,,,y,,,,,
e34_a2,e34_imcq,<b>Algemene vragen</b>,text,A2. Wat is uw geboortedatum?,,dd-mm-jjjj,date_dmy,,,,,,,,,,
e34_a3,e34_imcq,,radio,A3. Wat is uw geslacht?,"1, Man|2, Vrouw",,,,,,,,,,,,
e34_a4,e34_imcq,,radio,A4. Wat is de hoogste opleiding die u heeft afgemaakt?,"1, Geen school of opleiding afgemaakt|2, Lagere school of basisschool|3, Huishoudschool, vbo, lbo, lts, leao of lhno|4, Mavo, mulo, ivo of vmbo|5, Mbo, mts, meao, mhno, inas of intas|6, Havo, vwo, hbs, mms, atheneum of gymnasium|7, Hbo, hts, heao of hhno|8, Universiteit|9, Een andere opleiding",,,,,,,,,,,,
e34_a4_and,e34_imcq,,text,A4. De andere opleiding,,,,,,,[e34_a4]='9',,,,,,
e34_a5,e34_imcq,,radio,A5. Wat doet u in het dagelijks leven?,"1, Ik zit op school, ik studeer|2, Ik werk in loondienst|3, Ik ben zelfstandig ondernemer|4, Ik ben huisvrouw of huisman|5, Ik ben werkloos|6, Ik ben arbeidsongeschikt|7, Ik ben met pensioen of prepensioen|8, Ik doe iets anders",Wat u de meeste tijd doet,,,,,,,,,,,
e34_a5_pct,e34_imcq,,text,A5. Arbeidsongeschikt voor hoeveel procent?,,,integer,0,100,,[e34_a5]='6',,,,,,
e34_a5_and,e34_imcq,,text,A5. Wat u anders doet,,,,,,,[e34_a5]='8',,,,,,
e34_1a,e34_imcq,<b>Vragen over zorggebruik</b> — alles over de afgelopen 3 maanden,yesno,1a. Heeft u in de afgelopen 3 maanden afspraken gehad met de huisarts of de praktijkondersteuner?,,,,,,,,,,,,,
e34_1b_ha,e34_imcq,,text,1b. Aantal afspraken met de huisarts,,,integer,0,,,[e34_1a]='1',,,,,,
e34_1b_poh,e34_imcq,,text,1b. Aantal afspraken met de praktijkondersteuner (POH),,,integer,0,,,[e34_1a]='1',,,,,,
e34_2,e34_imcq,,text,2. Aantal afspraken met een maatschappelijk werker,,0 = geen enkele afspraak,integer,0,,,,,,,,,
e34_3,e34_imcq,,text,"3. Aantal afspraken met een fysiotherapeut, caesartherapeut, therapeut mensendieck of manueel therapeut",,0 = geen enkele afspraak,integer,0,,,,,,,,,
e34_4,e34_imcq,,text,4. Aantal afspraken met een ergotherapeut,,0 = geen enkele afspraak,integer,0,,,,,,,,,
e34_5,e34_imcq,,text,5. Aantal afspraken met een logopedist,,0 = geen enkele afspraak,integer,0,,,,,,,,,
e34_6,e34_imcq,,text,6. Aantal afspraken met een diëtist,,0 = geen enkele afspraak,integer,0,,,,,,,,,
e34_7,e34_imcq,,text,7. Aantal afspraken met een homeopaat of acupuncturist,,0 = geen enkele afspraak,integer,0,,,,,,,,,
e34_8,e34_imcq,,text,"8. Aantal afspraken met een psycholoog, psychotherapeut of psychiater",,0 = geen enkele afspraak,integer,0,,,,,,,,,
e34_9,e34_imcq,,text,9. Aantal afspraken met de bedrijfsarts,,0 = geen enkele afspraak,integer,0,,,,,,,,,
e34_10a,e34_imcq,<b>Thuiszorg</b>,yesno,10a. Heeft u hulp van de thuiszorg gehad?,,,,,,,,,,,,,
e34_10b,e34_imcq,,checkbox,10b. Wat voor hulp van de thuiszorg heeft u gehad?,"1, Huishoudelijke hulp|2, Verzorging van uzelf|3, Verpleging",,,,,,[e34_10a]='1',,,,,,
e34_10c_hh,e34_imcq,,text,10c. Aantal weken huishoudelijke hulp,,Een periode van 3 maanden telt 13 weken,integer,0,13,,[e34_10b(1)]='1',,,,,,
e34_10c_vz,e34_imcq,,text,10c. Aantal weken verzorging van uzelf,,Een periode van 3 maanden telt 13 weken,integer,0,13,,[e34_10b(2)]='1',,,,,,
e34_10c_vp,e34_imcq,,text,10c. Aantal weken verpleging,,Een periode van 3 maanden telt 13 weken,integer,0,13,,[e34_10b(3)]='1',,,,,,
e34_10d_hh,e34_imcq,,text,10d. Gemiddeld aantal uur huishoudelijke hulp per week,,,integer,0,168,,[e34_10b(1)]='1',,,,,,
e34_10d_vz,e34_imcq,,text,10d. Gemiddeld aantal uur verzorging van uzelf per week,,,integer,0,168,,[e34_10b(2)]='1',,,,,,
e34_10d_vp,e34_imcq,,text,10d. Gemiddeld aantal uur verpleging per week,,,integer,0,168,,[e34_10b(3)]='1',,,,,,
e34_11a,e34_imcq,<b>Medicijnen</b>,yesno,11a. Heeft u medicijnen gebruikt?,,,,,,,,,,,,,
e34_m1_naam,e34_imcq,11b. De gebruikte medicijnen,text,11b. Medicijn 1 — naam,,Zowel op recept als gekocht bij apotheek of drogist,,,,,[e34_11a]='1',,,,,,
e34_m1_dosis,e34_imcq,,text,11b. Medicijn 1 — hoeveel per keer,,Zoals op de verpakking,,,,,[e34_11a]='1',,,,,,
e34_m1_freq,e34_imcq,,text,11b. Medicijn 1 — hoe vaak op een dag,,,integer,0,,,[e34_11a]='1',,,,,,
e34_m1_dagen,e34_imcq,,text,11b. Medicijn 1 — op hoeveel dagen in de afgelopen 3 maanden,,,integer,0,92,,[e34_11a]='1',,,,,,
e34_m2_naam,e34_imcq,,text,11b. Medicijn 2 — naam,,,,,,,[e34_11a]='1',,,,,,
e34_m2_dosis,e34_imcq,,text,11b. Medicijn 2 — hoeveel per keer,,,,,,,[e34_11a]='1',,,,,,
e34_m2_freq,e34_imcq,,text,11b. Medicijn 2 — hoe vaak op een dag,,,integer,0,,,[e34_11a]='1',,,,,,
e34_m2_dagen,e34_imcq,,text,11b. Medicijn 2 — op hoeveel dagen in de afgelopen 3 maanden,,,integer,0,92,,[e34_11a]='1',,,,,,
e34_m3_naam,e34_imcq,,text,11b. Medicijn 3 — naam,,,,,,,[e34_11a]='1',,,,,,
e34_m3_dosis,e34_imcq,,text,11b. Medicijn 3 — hoeveel per keer,,,,,,,[e34_11a]='1',,,,,,
e34_m3_freq,e34_imcq,,text,11b. Medicijn 3 — hoe vaak op een dag,,,integer,0,,,[e34_11a]='1',,,,,,
e34_m3_dagen,e34_imcq,,text,11b. Medicijn 3 — op hoeveel dagen in de afgelopen 3 maanden,,,integer,0,92,,[e34_11a]='1',,,,,,
e34_m4_naam,e34_imcq,,text,11b. Medicijn 4 — naam,,,,,,,[e34_11a]='1',,,,,,
e34_m4_dosis,e34_imcq,,text,11b. Medicijn 4 — hoeveel per keer,,,,,,,[e34_11a]='1',,,,,,
e34_m4_freq,e34_imcq,,text,11b. Medicijn 4 — hoe vaak op een dag,,,integer,0,,,[e34_11a]='1',,,,,,
e34_m4_dagen,e34_imcq,,text,11b. Medicijn 4 — op hoeveel dagen in de afgelopen 3 maanden,,,integer,0,92,,[e34_11a]='1',,,,,,
e34_m5_naam,e34_imcq,,text,11b. Medicijn 5 — naam,,,,,,,[e34_11a]='1',,,,,,
e34_m5_dosis,e34_imcq,,text,11b. Medicijn 5 — hoeveel per keer,,,,,,,[e34_11a]='1',,,,,,
e34_m5_freq,e34_imcq,,text,11b. Medicijn 5 — hoe vaak op een dag,,,integer,0,,,[e34_11a]='1',,,,,,
e34_m5_dagen,e34_imcq,,text,11b. Medicijn 5 — op hoeveel dagen in de afgelopen 3 maanden,,,integer,0,92,,[e34_11a]='1',,,,,,
e34_m6_naam,e34_imcq,,text,11b. Medicijn 6 — naam,,,,,,,[e34_11a]='1',,,,,,
e34_m6_dosis,e34_imcq,,text,11b. Medicijn 6 — hoeveel per keer,,,,,,,[e34_11a]='1',,,,,,
e34_m6_freq,e34_imcq,,text,11b. Medicijn 6 — hoe vaak op een dag,,,integer,0,,,[e34_11a]='1',,,,,,
e34_m6_dagen,e34_imcq,,text,11b. Medicijn 6 — op hoeveel dagen in de afgelopen 3 maanden,,,integer,0,92,,[e34_11a]='1',,,,,,
e34_m7_naam,e34_imcq,,text,11b. Medicijn 7 — naam,,,,,,,[e34_11a]='1',,,,,,
e34_m7_dosis,e34_imcq,,text,11b. Medicijn 7 — hoeveel per keer,,,,,,,[e34_11a]='1',,,,,,
e34_m7_freq,e34_imcq,,text,11b. Medicijn 7 — hoe vaak op een dag,,,integer,0,,,[e34_11a]='1',,,,,,
e34_m7_dagen,e34_imcq,,text,11b. Medicijn 7 — op hoeveel dagen in de afgelopen 3 maanden,,,integer,0,92,,[e34_11a]='1',,,,,,
e34_m8_naam,e34_imcq,,text,11b. Medicijn 8 — naam,,,,,,,[e34_11a]='1',,,,,,
e34_m8_dosis,e34_imcq,,text,11b. Medicijn 8 — hoeveel per keer,,,,,,,[e34_11a]='1',,,,,,
e34_m8_freq,e34_imcq,,text,11b. Medicijn 8 — hoe vaak op een dag,,,integer,0,,,[e34_11a]='1',,,,,,
e34_m8_dagen,e34_imcq,,text,11b. Medicijn 8 — op hoeveel dagen in de afgelopen 3 maanden,,,integer,0,92,,[e34_11a]='1',,,,,,
e34_m9_naam,e34_imcq,,text,11b. Medicijn 9 — naam,,,,,,,[e34_11a]='1',,,,,,
e34_m9_dosis,e34_imcq,,text,11b. Medicijn 9 — hoeveel per keer,,,,,,,[e34_11a]='1',,,,,,
e34_m9_freq,e34_imcq,,text,11b. Medicijn 9 — hoe vaak op een dag,,,integer,0,,,[e34_11a]='1',,,,,,
e34_m9_dagen,e34_imcq,,text,11b. Medicijn 9 — op hoeveel dagen in de afgelopen 3 maanden,,,integer,0,92,,[e34_11a]='1',,,,,,
e34_12,e34_imcq,<b>Ziekenhuis</b>,text,12. Hoe vaak bent u op de spoedeisende hulp geweest?,,0 = geen enkele keer,integer,0,,,,,,,,,
e34_13,e34_imcq,,text,13. Hoe vaak bent u met een ambulance naar het ziekenhuis gebracht?,,0 = geen enkele keer,integer,0,,,,,,,,,
e34_14a,e34_imcq,,yesno,14a. Had u een afspraak bij de polikliniek van het ziekenhuis?,,,,,,,,,,,,,
e34_p1_dokter,e34_imcq,"14b. Bij welke soorten dokters bent u geweest, en hoe vaak",text,14b. Soort dokter 1,,,,,,,[e34_14a]='1',,,,,,
e34_p1_aantal,e34_imcq,,text,14b. Soort dokter 1 — aantal keer,,,integer,0,,,[e34_14a]='1',,,,,,
e34_p2_dokter,e34_imcq,,text,14b. Soort dokter 2,,,,,,,[e34_14a]='1',,,,,,
e34_p2_aantal,e34_imcq,,text,14b. Soort dokter 2 — aantal keer,,,integer,0,,,[e34_14a]='1',,,,,,
e34_p3_dokter,e34_imcq,,text,14b. Soort dokter 3,,,,,,,[e34_14a]='1',,,,,,
e34_p3_aantal,e34_imcq,,text,14b. Soort dokter 3 — aantal keer,,,integer,0,,,[e34_14a]='1',,,,,,
e34_p4_dokter,e34_imcq,,text,14b. Soort dokter 4,,,,,,,[e34_14a]='1',,,,,,
e34_p4_aantal,e34_imcq,,text,14b. Soort dokter 4 — aantal keer,,,integer,0,,,[e34_14a]='1',,,,,,
e34_p5_dokter,e34_imcq,,text,14b. Soort dokter 5,,,,,,,[e34_14a]='1',,,,,,
e34_p5_aantal,e34_imcq,,text,14b. Soort dokter 5 — aantal keer,,,integer,0,,,[e34_14a]='1',,,,,,
e34_p6_dokter,e34_imcq,,text,14b. Soort dokter 6,,,,,,,[e34_14a]='1',,,,,,
e34_p6_aantal,e34_imcq,,text,14b. Soort dokter 6 — aantal keer,,,integer,0,,,[e34_14a]='1',,,,,,
e34_p7_dokter,e34_imcq,,text,14b. Soort dokter 7,,,,,,,[e34_14a]='1',,,,,,
e34_p7_aantal,e34_imcq,,text,14b. Soort dokter 7 — aantal keer,,,integer,0,,,[e34_14a]='1',,,,,,
e34_15a,e34_imcq,<b>Dagbehandeling</b>,yesno,"15a. Bent u overdag in het ziekenhuis geweest voor een behandeling, zonder te blijven slapen?",,,,,,,,,,,,,
e34_15b1,e34_imcq,,text,15b. Behandeling 1,,,,,,,[e34_15a]='1',,,,,,
e34_15c1,e34_imcq,,text,15c. Behandeling 1 — aantal keer naar het ziekenhuis,,,integer,0,,,[e34_15a]='1',,,,,,
e34_15b2,e34_imcq,,text,15b. Behandeling 2,,,,,,,[e34_15a]='1',,,,,,
e34_15c2,e34_imcq,,text,15c. Behandeling 2 — aantal keer naar het ziekenhuis,,,integer,0,,,[e34_15a]='1',,,,,,
e34_15b3,e34_imcq,,text,15b. Behandeling 3,,,,,,,[e34_15a]='1',,,,,,
e34_15c3,e34_imcq,,text,15c. Behandeling 3 — aantal keer naar het ziekenhuis,,,integer,0,,,[e34_15a]='1',,,,,,
e34_16a,e34_imcq,<b>Dagbehandeling elders</b>,yesno,16a. Bent u ergens anders geweest voor een behandeling overdag?,,,,,,,,,,,,,
e34_16b,e34_imcq,,checkbox,16b. Wat voor instelling was dit?,"1, Woon- of zorgcentrum|2, Revalidatiecentrum|3, Psychiatrische instelling|4, Een andere instelling",,,,,,[e34_16a]='1',,,,,,
e34_16b_and,e34_imcq,,text,16b. De andere instelling,,,,,,,[e34_16b(4)]='1',,,,,,
e34_16c_wzc,e34_imcq,,text,16c. Aantal keer naar het woon- of zorgcentrum,,,integer,0,,,[e34_16b(1)]='1',,,,,,
e34_16c_rev,e34_imcq,,text,16c. Aantal keer naar het revalidatiecentrum,,,integer,0,,,[e34_16b(2)]='1',,,,,,
e34_16c_psy,e34_imcq,,text,16c. Aantal keer naar het psychiatrische instelling,,,integer,0,,,[e34_16b(3)]='1',,,,,,
e34_16c_and,e34_imcq,,text,16c. Aantal keer naar het andere instelling,,,integer,0,,,[e34_16b(4)]='1',,,,,,
e34_17a,e34_imcq,<b>Opname met overnachting</b>,yesno,"17a. Heeft u in het ziekenhuis gelegen, dus met overnachting?",,,,,,,,,,,,,
e34_17b,e34_imcq,,text,17b. Hoe vaak heeft u in het ziekenhuis gelegen?,,,integer,0,,,[e34_17a]='1',,,,,,
e34_17c,e34_imcq,,text,17c. Hoeveel dagen in totaal?,,,integer,0,92,,[e34_17a]='1',,,,,,
e34_18a,e34_imcq,,yesno,18a. Moest u ergens anders blijven slapen voor uw gezondheid?,,,,,,,,,,,,,
e34_18b,e34_imcq,,checkbox,18b. Wat voor instelling was dit?,"1, Woon- of zorgcentrum|2, Revalidatiecentrum|3, Psychiatrische instelling|4, Een andere instelling",,,,,,[e34_18a]='1',,,,,,
e34_18b_and,e34_imcq,,text,18b. De andere instelling,,,,,,,[e34_18b(4)]='1',,,,,,
e34_18c_wzc,e34_imcq,,text,18c. Aantal dagen in het woon- of zorgcentrum,,,integer,0,92,,[e34_18b(1)]='1',,,,,,
e34_18c_rev,e34_imcq,,text,18c. Aantal dagen in het revalidatiecentrum,,,integer,0,92,,[e34_18b(2)]='1',,,,,,
e34_18c_psy,e34_imcq,,text,18c. Aantal dagen in het psychiatrische instelling,,,integer,0,92,,[e34_18b(3)]='1',,,,,,
e34_18c_and,e34_imcq,,text,18c. Aantal dagen in het andere instelling,,,integer,0,92,,[e34_18b(4)]='1',,,,,,
e34_19a,e34_imcq,"<b>Hulp van familie en bekenden, en vervoer</b> — vraag 19 en 20 van de iMCQ, die het maatschappelijk perspectief meten",yesno,19a. Heeft u hulp gekregen van een familielid of een bekende vanwege uw lichamelijke of psychische problemen?,,,,,,,,,,,,,
e34_19b,e34_imcq,,checkbox,19b. Wat voor hulp heeft u gehad?,"1, Huishoudelijke hulp|2, Verzorging van uzelf|3, Praktische hulp",,,,,,[e34_19a]='1',,,,,,
e34_19c_hh,e34_imcq,,text,19c. Aantal weken huishoudelijke hulp,,,integer,0,13,,[e34_19b(1)]='1',,,,,,
e34_19c_vz,e34_imcq,,text,19c. Aantal weken verzorging van uzelf,,,integer,0,13,,[e34_19b(2)]='1',,,,,,
e34_19c_pr,e34_imcq,,text,19c. Aantal weken praktische hulp,,,integer,0,13,,[e34_19b(3)]='1',,,,,,
e34_19d_hh,e34_imcq,,text,19d. Gemiddeld aantal uur huishoudelijke hulp per week,,,integer,0,168,,[e34_19b(1)]='1',,,,,,
e34_19d_vz,e34_imcq,,text,19d. Gemiddeld aantal uur verzorging van uzelf per week,,,integer,0,168,,[e34_19b(2)]='1',,,,,,
e34_19d_pr,e34_imcq,,text,19d. Gemiddeld aantal uur praktische hulp per week,,,integer,0,168,,[e34_19b(3)]='1',,,,,,
e34_20a,e34_imcq,,radio,20a. Welke wijze van vervoer heeft u gebruikt om van huis naar het ziekenhuis te gaan?,"1, Niet van toepassing|2, Te voet|3, Fiets|4, Auto|5, Openbaar vervoer|6, Taxi|7, Anders",,,,,,,,,,,,
e34_20a_and,e34_imcq,,text,20a. Het andere vervoer,,,,,,,[e34_20a]='7',,,,,,
e34_20b,e34_imcq,,text,"20b. Enkele reisafstand tussen uw huis en het ziekenhuis, in kilometer",,,integer,0,,,[e34_20a]<>'1',,,,,,
e34_opm,e34_imcq,,notes,Vragen of opmerkingen van de deelnemer,,,,,,,,,,,,,
e34_door,e34_imcq,,text,Ingevoerd door (initialen),,Initialen van het studieteamlid dat overzet,,,,,,,,,,,
e35_datum,e35_ipcq,,text,A1. Op welke datum vult u deze vragenlijst in?,,dd-mm-jjjj,date_dmy,,,,,y,,,,,
e35_a2,e35_ipcq,<b>Algemene vragen</b>,text,A2. Wat is uw geboortedatum?,,dd-mm-jjjj,date_dmy,,,,,,,,,,
e35_a3,e35_ipcq,,radio,A3. Wat is uw geslacht?,"1, Man|2, Vrouw",,,,,,,,,,,,
e35_a4,e35_ipcq,,radio,A4. Wat is de hoogste opleiding die u heeft afgemaakt?,"1, Geen school of opleiding afgemaakt|2, Lagere school of basisschool|3, Huishoudschool, vbo, lbo, lts, leao of lhno|4, Mavo, mulo, ivo of vmbo|5, Mbo, mts, meao, mhno, inas of intas|6, Havo, vwo, hbs, mms, atheneum of gymnasium|7, Hbo, hts, heao of hhno|8, Universiteit|9, Een andere opleiding",,,,,,,,,,,,
e35_a4_and,e35_ipcq,,text,A4. De andere opleiding,,,,,,,[e35_a4]='9',,,,,,
e35_a5,e35_ipcq,,radio,A5. Wat doet u in het dagelijks leven?,"1, Ik zit op school, ik studeer|2, Ik werk in loondienst|3, Ik ben zelfstandig ondernemer|4, Ik ben huisvrouw of huisman|5, Ik ben werkloos|6, Ik ben arbeidsongeschikt|7, Ik ben met pensioen of prepensioen|8, Ik doe iets anders",Wat u de meeste tijd doet,,,,,,,,,,,
e35_a5_pct,e35_ipcq,,text,A5. Arbeidsongeschikt voor hoeveel procent?,,,integer,0,100,,[e35_a5]='6',,,,,,
e35_a5_and,e35_ipcq,,text,A5. Wat u anders doet,,,,,,,[e35_a5]='8',,,,,,
e35_a6,e35_ipcq,,yesno,A6. Hebt u betaald werk?,,,,,,,,,,,,,
e35_1,e35_ipcq,<b>Betaald werk</b> — alles over de afgelopen 4 weken,text,1. Wat is uw beroep?,,,,,,,[e35_a6]='1',,,,,,
e35_2,e35_ipcq,,text,2. Hoeveel uur per week werkt u?,,Alleen de betaalde uren,integer,0,168,,[e35_a6]='1',,,,,,
e35_3,e35_ipcq,,text,3. Op hoeveel dagen in de week werkt u?,,,integer,0,7,,[e35_a6]='1',,,,,,
e35_4,e35_ipcq,,yesno,4. Bent u afwezig geweest van uw werk omdat u ziek was?,,,,,,,[e35_a6]='1',,,,,,
e35_4_dagen,e35_ipcq,,text,4. Aantal dagen afwezig,,Alleen de werkdagen in de afgelopen 4 weken,integer,0,28,,[e35_4]='1',,,,,,
e35_5,e35_ipcq,,yesno,5. Was u langer dan de gehele periode van 4 weken afwezig van uw werk doordat u ziek was?,,Het gaat om een aaneengesloten periode van werkverzuim,,,,,[e35_4]='1',,,,,,
e35_6,e35_ipcq,,text,6. Wanneer heeft u zich ziek gemeld?,,dd-mm-jjjj,date_dmy,,,,[e35_5]='1',,,,,,
e35_7,e35_ipcq,,yesno,"7. Waren er dagen waarop u wel gewerkt heeft, maar tijdens uw werk last had van lichamelijke of psychische problemen?",,,,,,,([e35_4]='0' or [e35_5]='0') and [e35_a6]='1',,,,,,
e35_8,e35_ipcq,,text,8. Op hoeveel werkdagen had u tijdens uw werk last van uw lichamelijke of psychische problemen?,,,integer,0,28,,[e35_7]='1',,,,,,
e35_9,e35_ipcq,,radio,9. Hoeveel werk kon u op deze dagen gemiddeld doen?,"0, 0 — ik kon niets doen|1, 1|2, 2|3, 3|4, 4|5, 5 — ik kon ongeveer de helft doen|6, 6|7, 7|8, 8|9, 9|10, 10 — ik kon net zoveel doen als normaal",,,,,,[e35_7]='1',,,,,,
e35_10,e35_ipcq,"<b>Onbetaald werk</b> — bijvoorbeeld zorgen voor de kinderen, vrijwilligerswerk, boodschappen of tuinwerk",yesno,10. Waren er dagen waarop u minder onbetaald werk kon doen door uw lichamelijke of psychische problemen?,,,,,,,,,,,,,
e35_11,e35_ipcq,,text,11. Op hoeveel dagen was dit zo?,,,integer,0,28,,[e35_10]='1',,,,,,
e35_12,e35_ipcq,,text,12. Hoeveel uur zou iemand anders hier op deze dagen gemiddeld mee bezig geweest zijn?,,,number_1dp,0,24,,[e35_10]='1',,,,,,
e35_opm,e35_ipcq,,notes,Vragen of opmerkingen van de deelnemer,,,,,,,,,,,,,
e35_door,e35_ipcq,,text,Ingevoerd door (initialen),,Initialen van het studieteamlid dat overzet,,,,,,,,,,,
e36_datum,e36_pedis,,text,Datum van beoordeling,,"dd-mm-jjjj, zoals op het papieren werkblad",date_dmy,,,,,y,,,,,
e36_behandelaar,e36_pedis,1. Algemene gegevens,text,Behandelaar,,,,,,,,,,,,,
e36_locatie,e36_pedis,,text,Locatie ulcus (voet of teen),,,,,,,,y,,,,,
e36_zijde,e36_pedis,,radio,Zijde,"1, Links|2, Rechts",,,,,,,y,,,,,
e36_perfusie,e36_pedis,2. PEDIS-classificatie,radio,P — Perfusie,"1, P1 Geen tekenen van perifeer arterieel vaatlijden|2, P2 Aanwezig vaatlijden, geen kritische ischemie|3, P3 Kritische ischemie",,,,,,,y,,,,,
e36_eai,e36_pedis,,text,Enkel-armindex (EAI),,Indien beschikbaar,number_2dp,0,2,,,,,,,,
e36_teendruk,e36_pedis,,text,Teendruk (mmHg),,Indien beschikbaar,integer,0,300,,,,,,,,
e36_lengte,e36_pedis,,text,E — Lengte van het ulcus (cm),,,number_1dp,0,30,,,,,,,,
e36_breedte,e36_pedis,,text,Breedte van het ulcus (cm),,,number_1dp,0,30,,,,,,,,
e36_oppervlakte,e36_pedis,,text,Oppervlakte (cm2),,Zoals gemeten of berekend; noteer welke van beide bij Opmerkingen,number_2dp,0,500,,,,,,,,
e36_diepte,e36_pedis,,radio,D — Diepte,"1, D1 Oppervlakkig, alleen huid|2, D2 Tot pees of kapsel|3, D3 Tot bot of gewricht",,,,,,,y,,,,,
e36_bot_bloot,e36_pedis,,yesno,Bot blootliggend,,,,,,,,,,,,,
e36_osteomyelitis,e36_pedis,,yesno,Vermoeden van osteomyelitis,,,,,,,,,,,,,
e36_infectie,e36_pedis,,radio,I — Infectie,"1, I1 Geen infectie|2, I2 Milde infectie, lokaal|3, I3 Matige infectie, dieper of met weefseluitbreiding|4, I4 Ernstige infectie, systemisch",,,,,,,y,,,,,
e36_tekenen,e36_pedis,,checkbox,"Klinische tekenen, aanvinken indien aanwezig","1, Roodheid|2, Zwelling|3, Warmte|4, Pijn|5, Purulent exsudaat|6, Koorts of systemische tekenen",,,,,,,,,,,,
e36_sensatie,e36_pedis,,radio,S — Sensatie,"1, S1 Normale sensibiliteit|2, S2 Verlies van protectieve sensibiliteit",,,,,,,y,,,,,
e36_test,e36_pedis,,checkbox,Uitgevoerde test,"1, Monofilament 10 g|2, Stemvork 128 Hz|3, Anders",,,,,,,,,,,,
e36_test_anders,e36_pedis,,text,"Andere test, welke",,,,,,,[e36_test(3)] = '1',,,,,,
e36_score,e36_pedis,3. Samenvatting,text,Samenvattende PEDIS-score,,"Noteer als P / E / D / I / S, bijvoorbeeld P2 / 1,8 cm2 / D2 / I2 / S2",,,,,,,,,,,
e36_risico,e36_pedis,4. Interpretatie en beleid,radio,Klinische interpretatie,"1, Laag risico|2, Matig risico|3, Hoog risico",,,,,,,,,,,,
e36_beleid,e36_pedis,,checkbox,Beleid of actie,"1, Drukontlasting|2, Wondzorg|3, Antibiotica|4, Doorverwijzing naar voetenteam of vaatchirurgie|5, Beeldvorming aangevraagd|6, Anders",,,,,,,,,,,,
e36_beleid_anders,e36_pedis,,text,"Ander beleid, welk",,,,,,,[e36_beleid(6)] = '1',,,,,,
e36_fotos,e36_pedis,5. Documentatie en opmerkingen,yesno,Foto’s genomen en geanonimiseerd opgeladen,,"Naar het beveiligde webplatform, onder de deelnemerscode",,,,,,,,,,,
e36_opmerkingen,e36_pedis,,notes,Opmerkingen,,,,,,,,,,,,,
e36_door,e36_pedis,,text,Ingevoerd door (initialen),,Initialen van het studieteamlid dat overzet,,,,,,,,,,,
e38_datum,e38_wifi,,text,Datum van beoordeling,,"dd-mm-jjjj, zoals op het papieren werkblad",date_dmy,,,,,y,,,,,
e38_behandelaar,e38_wifi,1. Algemene gegevens,text,Behandelaar,,,,,,,,,,,,,
e38_locatie,e38_wifi,,text,Locatie ulcus (voet of teen),,,,,,,,y,,,,,
e38_zijde,e38_wifi,,radio,Zijde,"1, Links|2, Rechts",,,,,,,y,,,,,
e38_wond,e38_wifi,2. WIfI-classificatie,radio,"W — Wond, weefselverlies","1, W0 Geen ulcus of genezen ulcus|2, W1 Klein oppervlakkig ulcus|3, W2 Diep ulcus tot pees of kapsel|4, W3 Uitgebreid ulcus of gangreen",,,,,,,y,,,,,
e38_lengte,e38_wifi,,text,Lengte (cm),,,number_1dp,0,30,,,,,,,,
e38_breedte,e38_wifi,,text,Breedte (cm),,,number_1dp,0,30,,,,,,,,
e38_diepte_cm,e38_wifi,,text,Diepte (cm),,,number_1dp,0,30,,,,,,,,
e38_ischemie,e38_wifi,,radio,I — Ischemie,"1, I0 Geen ischemie|2, I1 Milde ischemie|3, I2 Matige ischemie|4, I3 Ernstige ischemie",,,,,,,y,,,,,
e38_eai,e38_wifi,,text,Enkel-armindex (EAI),,,number_2dp,0,2,,,,,,,,
e38_enkeldruk,e38_wifi,,text,Enkeldruk (mmHg),,,integer,0,300,,,,,,,,
e38_teendruk,e38_wifi,,text,Teendruk (mmHg),,,integer,0,300,,,,,,,,
e38_tcpo2,e38_wifi,,text,TcPO2 (mmHg),,,integer,0,150,,,,,,,,
e38_infectie,e38_wifi,,radio,fI — Voetinfectie,"1, fI0 Geen infectie|2, fI1 Milde infectie|3, fI2 Matige infectie|4, fI3 Ernstige of systemische infectie",,,,,,,y,,,,,
e38_tekenen,e38_wifi,,checkbox,"Klinische tekenen, aanvinken indien aanwezig","1, Roodheid|2, Zwelling|3, Warmte|4, Pijn|5, Purulent exsudaat|6, Koorts of systemische tekenen",,,,,,,,,,,,
e38_score,e38_wifi,3. Samenvatting en stadium,text,Volledige classificatie,,Bijvoorbeeld W2 I3 fI1,,,,,,,,,,,
e38_stadium,e38_wifi,,radio,"Klinisch stadium, amputatierisico","1, Stadium 1, zeer laag risico|2, Stadium 2, laag risico|3, Stadium 3, matig risico|4, Stadium 4, hoog risico",,,,,,,,,,,,
e38_revasc,e38_wifi,,radio,Nood aan revascularisatie,"1, Niet nodig|2, Overwegen|3, Sterk aanbevolen",,,,,,,,,,,,
e38_beleid,e38_wifi,4. Beleid en opmerkingen,checkbox,Beleid of actie,"1, Wondzorg|2, Antibiotica|3, Drukontlasting|4, Verwijzing vaatchirurgie|5, Revascularisatie gepland|6, Multidisciplinair voetenteam|7, Aanpassing schoeisel of orthese|8, Anders",,,,,,,,,,,,
e38_beleid_anders,e38_wifi,,text,"Ander beleid, welk",,,,,,,[e38_beleid(8)] = '1',,,,,,
e38_opmerkingen,e38_wifi,,notes,Opmerkingen,,,,,,,,,,,,,
e38_door,e38_wifi,,text,Ingevoerd door (initialen),,Initialen van het studieteamlid dat overzet,,,,,,,,,,,
e45_datum,e45_dagboek_baseline,,text,"Datum van invullen, bij het startbezoek",,dd-mm-jjjj,date_dmy,,,,,y,,,,,
e45_hulp,e45_dagboek_baseline,,yesno,Dagboek ingevuld met hulp van een familielid of kennis,,,,,,,,,,,,,
e45_m1_naam,e45_dagboek_baseline,<b>Deel 1 — MEDICATIE</b><br>Volledig overzicht van de medicatie die de deelnemer op dit moment neemt,text,Medicatie 1 — naam,,,,,,,,,,,,,
e45_m1_dosis,e45_dagboek_baseline,,text,Medicatie 1 — dosering per stuk,,,,,,,,,,,,,
e45_m1_aantal,e45_dagboek_baseline,,text,Medicatie 1 — aantal per dag,,,integer,0,,,,,,,,,
e45_m1_sinds,e45_dagboek_baseline,,text,Medicatie 1 — sinds wanneer,,"Zoals genoteerd, bijvoorbeeld 03/2024",,,,,,,,,,,
e45_m2_naam,e45_dagboek_baseline,,text,Medicatie 2 — naam,,,,,,,,,,,,,
e45_m2_dosis,e45_dagboek_baseline,,text,Medicatie 2 — dosering per stuk,,,,,,,,,,,,,
e45_m2_aantal,e45_dagboek_baseline,,text,Medicatie 2 — aantal per dag,,,integer,0,,,,,,,,,
e45_m2_sinds,e45_dagboek_baseline,,text,Medicatie 2 — sinds wanneer,,,,,,,,,,,,,
e45_m3_naam,e45_dagboek_baseline,,text,Medicatie 3 — naam,,,,,,,,,,,,,
e45_m3_dosis,e45_dagboek_baseline,,text,Medicatie 3 — dosering per stuk,,,,,,,,,,,,,
e45_m3_aantal,e45_dagboek_baseline,,text,Medicatie 3 — aantal per dag,,,integer,0,,,,,,,,,
e45_m3_sinds,e45_dagboek_baseline,,text,Medicatie 3 — sinds wanneer,,,,,,,,,,,,,
e45_m4_naam,e45_dagboek_baseline,,text,Medicatie 4 — naam,,,,,,,,,,,,,
e45_m4_dosis,e45_dagboek_baseline,,text,Medicatie 4 — dosering per stuk,,,,,,,,,,,,,
e45_m4_aantal,e45_dagboek_baseline,,text,Medicatie 4 — aantal per dag,,,integer,0,,,,,,,,,
e45_m4_sinds,e45_dagboek_baseline,,text,Medicatie 4 — sinds wanneer,,,,,,,,,,,,,
e45_m5_naam,e45_dagboek_baseline,,text,Medicatie 5 — naam,,,,,,,,,,,,,
e45_m5_dosis,e45_dagboek_baseline,,text,Medicatie 5 — dosering per stuk,,,,,,,,,,,,,
e45_m5_aantal,e45_dagboek_baseline,,text,Medicatie 5 — aantal per dag,,,integer,0,,,,,,,,,
e45_m5_sinds,e45_dagboek_baseline,,text,Medicatie 5 — sinds wanneer,,,,,,,,,,,,,
e45_m6_naam,e45_dagboek_baseline,,text,Medicatie 6 — naam,,,,,,,,,,,,,
e45_m6_dosis,e45_dagboek_baseline,,text,Medicatie 6 — dosering per stuk,,,,,,,,,,,,,
e45_m6_aantal,e45_dagboek_baseline,,text,Medicatie 6 — aantal per dag,,,integer,0,,,,,,,,,
e45_m6_sinds,e45_dagboek_baseline,,text,Medicatie 6 — sinds wanneer,,,,,,,,,,,,,
e45_m7_naam,e45_dagboek_baseline,,text,Medicatie 7 — naam,,,,,,,,,,,,,
e45_m7_dosis,e45_dagboek_baseline,,text,Medicatie 7 — dosering per stuk,,,,,,,,,,,,,
e45_m7_aantal,e45_dagboek_baseline,,text,Medicatie 7 — aantal per dag,,,integer,0,,,,,,,,,
e45_m7_sinds,e45_dagboek_baseline,,text,Medicatie 7 — sinds wanneer,,,,,,,,,,,,,
e45_m8_naam,e45_dagboek_baseline,,text,Medicatie 8 — naam,,,,,,,,,,,,,
e45_m8_dosis,e45_dagboek_baseline,,text,Medicatie 8 — dosering per stuk,,,,,,,,,,,,,
e45_m8_aantal,e45_dagboek_baseline,,text,Medicatie 8 — aantal per dag,,,integer,0,,,,,,,,,
e45_m8_sinds,e45_dagboek_baseline,,text,Medicatie 8 — sinds wanneer,,,,,,,,,,,,,
e45_m9_naam,e45_dagboek_baseline,,text,Medicatie 9 — naam,,,,,,,,,,,,,
e45_m9_dosis,e45_dagboek_baseline,,text,Medicatie 9 — dosering per stuk,,,,,,,,,,,,,
e45_m9_aantal,e45_dagboek_baseline,,text,Medicatie 9 — aantal per dag,,,integer,0,,,,,,,,,
e45_m9_sinds,e45_dagboek_baseline,,text,Medicatie 9 — sinds wanneer,,,,,,,,,,,,,
e45_m10_naam,e45_dagboek_baseline,,text,Medicatie 10 — naam,,,,,,,,,,,,,
e45_m10_dosis,e45_dagboek_baseline,,text,Medicatie 10 — dosering per stuk,,,,,,,,,,,,,
e45_m10_aantal,e45_dagboek_baseline,,text,Medicatie 10 — aantal per dag,,,integer,0,,,,,,,,,
e45_m10_sinds,e45_dagboek_baseline,,text,Medicatie 10 — sinds wanneer,,,,,,,,,,,,,
e45_m11_naam,e45_dagboek_baseline,,text,Medicatie 11 — naam,,,,,,,,,,,,,
e45_m11_dosis,e45_dagboek_baseline,,text,Medicatie 11 — dosering per stuk,,,,,,,,,,,,,
e45_m11_aantal,e45_dagboek_baseline,,text,Medicatie 11 — aantal per dag,,,integer,0,,,,,,,,,
e45_m11_sinds,e45_dagboek_baseline,,text,Medicatie 11 — sinds wanneer,,,,,,,,,,,,,
e45_m12_naam,e45_dagboek_baseline,,text,Medicatie 12 — naam,,,,,,,,,,,,,
e45_m12_dosis,e45_dagboek_baseline,,text,Medicatie 12 — dosering per stuk,,,,,,,,,,,,,
e45_m12_aantal,e45_dagboek_baseline,,text,Medicatie 12 — aantal per dag,,,integer,0,,,,,,,,,
e45_m12_sinds,e45_dagboek_baseline,,text,Medicatie 12 — sinds wanneer,,,,,,,,,,,,,
e45_med_opm,e45_dagboek_baseline,,notes,"Notities van de deelnemer bij deel 1, medicatie",,,,,,,,,,,,,
e45_zv,e45_dagboek_baseline,"<b>Deel 2 — CONTACT MET KINESIST, ERGOTHERAPEUT OF ANDERE ZORGVERLENER</b><br>Niet de PARADISE-studiebezoeken bij de podoloog, de arts of de schoentechnieker noteren, die houdt het studieteam apart bij",yesno,"Krijgt de deelnemer op dit moment sessies bij een kinesist, ergotherapeut, podotherapeut of andere zorgverlener?",,,,,,,,,,,,,
e45_zv1_wie,e45_dagboek_baseline,,text,Zorgverlener 1 — welke zorgverlener,,,,,,,[e45_zv]='1',,,,,,
e45_zv1_reden,e45_dagboek_baseline,,text,Zorgverlener 1 — reden van contact,,,,,,,[e45_zv]='1',,,,,,
e45_zv1_freq,e45_dagboek_baseline,,text,Zorgverlener 1 — frequentie,,Per week of per maand,,,,,[e45_zv]='1',,,,,,
e45_zv1_sinds,e45_dagboek_baseline,,text,Zorgverlener 1 — sinds wanneer,,,,,,,[e45_zv]='1',,,,,,
e45_zv1_kost,e45_dagboek_baseline,,text,Zorgverlener 1 — kost in euro,,,number_2dp,0,,,[e45_zv]='1',,,,,,
e45_zv1_terug,e45_dagboek_baseline,,text,Zorgverlener 1 — terugbetaling in euro,,,number_2dp,0,,,[e45_zv]='1',,,,,,
e45_zv2_wie,e45_dagboek_baseline,,text,Zorgverlener 2 — welke zorgverlener,,,,,,,[e45_zv]='1',,,,,,
e45_zv2_reden,e45_dagboek_baseline,,text,Zorgverlener 2 — reden van contact,,,,,,,[e45_zv]='1',,,,,,
e45_zv2_freq,e45_dagboek_baseline,,text,Zorgverlener 2 — frequentie,,,,,,,[e45_zv]='1',,,,,,
e45_zv2_sinds,e45_dagboek_baseline,,text,Zorgverlener 2 — sinds wanneer,,,,,,,[e45_zv]='1',,,,,,
e45_zv2_kost,e45_dagboek_baseline,,text,Zorgverlener 2 — kost in euro,,,number_2dp,0,,,[e45_zv]='1',,,,,,
e45_zv2_terug,e45_dagboek_baseline,,text,Zorgverlener 2 — terugbetaling in euro,,,number_2dp,0,,,[e45_zv]='1',,,,,,
e45_zv3_wie,e45_dagboek_baseline,,text,Zorgverlener 3 — welke zorgverlener,,,,,,,[e45_zv]='1',,,,,,
e45_zv3_reden,e45_dagboek_baseline,,text,Zorgverlener 3 — reden van contact,,,,,,,[e45_zv]='1',,,,,,
e45_zv3_freq,e45_dagboek_baseline,,text,Zorgverlener 3 — frequentie,,,,,,,[e45_zv]='1',,,,,,
e45_zv3_sinds,e45_dagboek_baseline,,text,Zorgverlener 3 — sinds wanneer,,,,,,,[e45_zv]='1',,,,,,
e45_zv3_kost,e45_dagboek_baseline,,text,Zorgverlener 3 — kost in euro,,,number_2dp,0,,,[e45_zv]='1',,,,,,
e45_zv3_terug,e45_dagboek_baseline,,text,Zorgverlener 3 — terugbetaling in euro,,,number_2dp,0,,,[e45_zv]='1',,,,,,
e45_zv_opm,e45_dagboek_baseline,,notes,"Notities van de deelnemer bij deel 2, contact met kinesist, ergotherapeut of andere zorgverlener",,,,,,,,,,,,,
e45_c1_datum,e45_dagboek_baseline,"<b>Deel 3 — CONSULTATIES</b><br>Contacten van de voorbije drie maanden met een dienst binnen de gezondheidszorg. Niet de PARADISE-studiebezoeken bij de podoloog, de arts of de schoentechnieker noteren, die houdt het studieteam apart bij",text,Consultatie 1 — datum,,dd-mm-jjjj,date_dmy,,,,,,,,,,
e45_c1_wie,e45_dagboek_baseline,,text,Consultatie 1 — met wie,,,,,,,,,,,,,
e45_c1_type,e45_dagboek_baseline,,text,Consultatie 1 — type consultatie,,"Telefoongesprek, individuele consultatie of andere consultatie",,,,,,,,,,,
e45_c1_waar,e45_dagboek_baseline,,text,Consultatie 1 — waar,,,,,,,,,,,,,
e45_c1_duur,e45_dagboek_baseline,,text,Consultatie 1 — tijdsduur,,Inclusief wachttijd en reisweg,,,,,,,,,,,
e45_c1_kost,e45_dagboek_baseline,,text,Consultatie 1 — kost in euro,,,number_2dp,0,,,,,,,,,
e45_c2_datum,e45_dagboek_baseline,,text,Consultatie 2 — datum,,dd-mm-jjjj,date_dmy,,,,,,,,,,
e45_c2_wie,e45_dagboek_baseline,,text,Consultatie 2 — met wie,,,,,,,,,,,,,
e45_c2_type,e45_dagboek_baseline,,text,Consultatie 2 — type consultatie,,,,,,,,,,,,,
e45_c2_waar,e45_dagboek_baseline,,text,Consultatie 2 — waar,,,,,,,,,,,,,
e45_c2_duur,e45_dagboek_baseline,,text,Consultatie 2 — tijdsduur,,,,,,,,,,,,,
e45_c2_kost,e45_dagboek_baseline,,text,Consultatie 2 — kost in euro,,,number_2dp,0,,,,,,,,,
e45_c3_datum,e45_dagboek_baseline,,text,Consultatie 3 — datum,,dd-mm-jjjj,date_dmy,,,,,,,,,,
e45_c3_wie,e45_dagboek_baseline,,text,Consultatie 3 — met wie,,,,,,,,,,,,,
e45_c3_type,e45_dagboek_baseline,,text,Consultatie 3 — type consultatie,,,,,,,,,,,,,
e45_c3_waar,e45_dagboek_baseline,,text,Consultatie 3 — waar,,,,,,,,,,,,,
e45_c3_duur,e45_dagboek_baseline,,text,Consultatie 3 — tijdsduur,,,,,,,,,,,,,
e45_c3_kost,e45_dagboek_baseline,,text,Consultatie 3 — kost in euro,,,number_2dp,0,,,,,,,,,
e45_c4_datum,e45_dagboek_baseline,,text,Consultatie 4 — datum,,dd-mm-jjjj,date_dmy,,,,,,,,,,
e45_c4_wie,e45_dagboek_baseline,,text,Consultatie 4 — met wie,,,,,,,,,,,,,
e45_c4_type,e45_dagboek_baseline,,text,Consultatie 4 — type consultatie,,,,,,,,,,,,,
e45_c4_waar,e45_dagboek_baseline,,text,Consultatie 4 — waar,,,,,,,,,,,,,
e45_c4_duur,e45_dagboek_baseline,,text,Consultatie 4 — tijdsduur,,,,,,,,,,,,,
e45_c4_kost,e45_dagboek_baseline,,text,Consultatie 4 — kost in euro,,,number_2dp,0,,,,,,,,,
e45_c5_datum,e45_dagboek_baseline,,text,Consultatie 5 — datum,,dd-mm-jjjj,date_dmy,,,,,,,,,,
e45_c5_wie,e45_dagboek_baseline,,text,Consultatie 5 — met wie,,,,,,,,,,,,,
e45_c5_type,e45_dagboek_baseline,,text,Consultatie 5 — type consultatie,,,,,,,,,,,,,
e45_c5_waar,e45_dagboek_baseline,,text,Consultatie 5 — waar,,,,,,,,,,,,,
e45_c5_duur,e45_dagboek_baseline,,text,Consultatie 5 — tijdsduur,,,,,,,,,,,,,
e45_c5_kost,e45_dagboek_baseline,,text,Consultatie 5 — kost in euro,,,number_2dp,0,,,,,,,,,
e45_c6_datum,e45_dagboek_baseline,,text,Consultatie 6 — datum,,dd-mm-jjjj,date_dmy,,,,,,,,,,
e45_c6_wie,e45_dagboek_baseline,,text,Consultatie 6 — met wie,,,,,,,,,,,,,
e45_c6_type,e45_dagboek_baseline,,text,Consultatie 6 — type consultatie,,,,,,,,,,,,,
e45_c6_waar,e45_dagboek_baseline,,text,Consultatie 6 — waar,,,,,,,,,,,,,
e45_c6_duur,e45_dagboek_baseline,,text,Consultatie 6 — tijdsduur,,,,,,,,,,,,,
e45_c6_kost,e45_dagboek_baseline,,text,Consultatie 6 — kost in euro,,,number_2dp,0,,,,,,,,,
e45_c7_datum,e45_dagboek_baseline,,text,Consultatie 7 — datum,,dd-mm-jjjj,date_dmy,,,,,,,,,,
e45_c7_wie,e45_dagboek_baseline,,text,Consultatie 7 — met wie,,,,,,,,,,,,,
e45_c7_type,e45_dagboek_baseline,,text,Consultatie 7 — type consultatie,,,,,,,,,,,,,
e45_c7_waar,e45_dagboek_baseline,,text,Consultatie 7 — waar,,,,,,,,,,,,,
e45_c7_duur,e45_dagboek_baseline,,text,Consultatie 7 — tijdsduur,,,,,,,,,,,,,
e45_c7_kost,e45_dagboek_baseline,,text,Consultatie 7 — kost in euro,,,number_2dp,0,,,,,,,,,
e45_c8_datum,e45_dagboek_baseline,,text,Consultatie 8 — datum,,dd-mm-jjjj,date_dmy,,,,,,,,,,
e45_c8_wie,e45_dagboek_baseline,,text,Consultatie 8 — met wie,,,,,,,,,,,,,
e45_c8_type,e45_dagboek_baseline,,text,Consultatie 8 — type consultatie,,,,,,,,,,,,,
e45_c8_waar,e45_dagboek_baseline,,text,Consultatie 8 — waar,,,,,,,,,,,,,
e45_c8_duur,e45_dagboek_baseline,,text,Consultatie 8 — tijdsduur,,,,,,,,,,,,,
e45_c8_kost,e45_dagboek_baseline,,text,Consultatie 8 — kost in euro,,,number_2dp,0,,,,,,,,,
e45_cons_opm,e45_dagboek_baseline,,notes,"Notities van de deelnemer bij deel 3, consultaties",,,,,,,,,,,,,
e45_tvp,e45_dagboek_baseline,<b>Deel 4 — THUISVERPLEEGKUNDIGE</b>,yesno,Krijgt de deelnemer op dit moment hulp van een thuisverpleegkundige?,,,,,,,,,,,,,
e45_tvp_reden,e45_dagboek_baseline,,text,Reden van het bezoek,,Bijvoorbeeld wondzorg aan de voet,,,,,[e45_tvp]='1',,,,,,
e45_tvp_dag,e45_dagboek_baseline,,text,Frequentie per dag,,,integer,0,,,[e45_tvp]='1',,,,,,
e45_tvp_week,e45_dagboek_baseline,,text,Frequentie per week,,,integer,0,21,,[e45_tvp]='1',,,,,,
e45_tvp_sinds,e45_dagboek_baseline,,text,Sinds wanneer,,,,,,,[e45_tvp]='1',,,,,,
e45_tvp_f1_per,e45_dagboek_baseline,Facturen thuisverpleging,text,Factuur 1 — periode van de factuur,,,,,,,[e45_tvp]='1',,,,,,
e45_tvp_f1_kost,e45_dagboek_baseline,,text,Factuur 1 — kost in euro,,,number_2dp,0,,,[e45_tvp]='1',,,,,,
e45_tvp_f2_per,e45_dagboek_baseline,,text,Factuur 2 — periode van de factuur,,,,,,,[e45_tvp]='1',,,,,,
e45_tvp_f2_kost,e45_dagboek_baseline,,text,Factuur 2 — kost in euro,,,number_2dp,0,,,[e45_tvp]='1',,,,,,
e45_tvp_opm,e45_dagboek_baseline,,notes,"Notities van de deelnemer bij deel 4, thuisverpleegkundige",,,,,,,,,,,,,
e45_tz1_freq,e45_dagboek_baseline,<b>Deel 5 — THUISZORGDIENSTEN</b><br>Alleen invullen wat de deelnemer gebruikt,text,Poetshulp — frequentie,,,,,,,,,,,,,
e45_tz1_start,e45_dagboek_baseline,,text,Poetshulp — startdatum,,dd-mm-jjjj,date_dmy,,,,,,,,,,
e45_tz1_stop,e45_dagboek_baseline,,text,Poetshulp — stopdatum,,dd-mm-jjjj,date_dmy,,,,,,,,,,
e45_tz1_bet,e45_dagboek_baseline,,text,Poetshulp — betaling in euro,,,number_2dp,0,,,,,,,,,
e45_tz2_freq,e45_dagboek_baseline,,text,Gezinszorg — frequentie,,,,,,,,,,,,,
e45_tz2_start,e45_dagboek_baseline,,text,Gezinszorg — startdatum,,dd-mm-jjjj,date_dmy,,,,,,,,,,
e45_tz2_stop,e45_dagboek_baseline,,text,Gezinszorg — stopdatum,,dd-mm-jjjj,date_dmy,,,,,,,,,,
e45_tz2_bet,e45_dagboek_baseline,,text,Gezinszorg — betaling in euro,,,number_2dp,0,,,,,,,,,
e45_tz3_freq,e45_dagboek_baseline,,text,Maaltijden aan huis — frequentie,,,,,,,,,,,,,
e45_tz3_start,e45_dagboek_baseline,,text,Maaltijden aan huis — startdatum,,dd-mm-jjjj,date_dmy,,,,,,,,,,
e45_tz3_stop,e45_dagboek_baseline,,text,Maaltijden aan huis — stopdatum,,dd-mm-jjjj,date_dmy,,,,,,,,,,
e45_tz3_bet,e45_dagboek_baseline,,text,Maaltijden aan huis — betaling in euro,,,number_2dp,0,,,,,,,,,
e45_tz4_freq,e45_dagboek_baseline,,text,Vervoershulp — frequentie,,,,,,,,,,,,,
e45_tz4_start,e45_dagboek_baseline,,text,Vervoershulp — startdatum,,dd-mm-jjjj,date_dmy,,,,,,,,,,
e45_tz4_stop,e45_dagboek_baseline,,text,Vervoershulp — stopdatum,,dd-mm-jjjj,date_dmy,,,,,,,,,,
e45_tz4_bet,e45_dagboek_baseline,,text,Vervoershulp — betaling in euro,,,number_2dp,0,,,,,,,,,
e45_tz5_freq,e45_dagboek_baseline,,text,Klusjesdienst — frequentie,,,,,,,,,,,,,
e45_tz5_start,e45_dagboek_baseline,,text,Klusjesdienst — startdatum,,dd-mm-jjjj,date_dmy,,,,,,,,,,
e45_tz5_stop,e45_dagboek_baseline,,text,Klusjesdienst — stopdatum,,dd-mm-jjjj,date_dmy,,,,,,,,,,
e45_tz5_bet,e45_dagboek_baseline,,text,Klusjesdienst — betaling in euro,,,number_2dp,0,,,,,,,,,
e45_tz_opm,e45_dagboek_baseline,,notes,"Notities van de deelnemer bij deel 5, thuiszorgdiensten",,,,,,,,,,,,,
e45_mat1_wat,e45_dagboek_baseline,"<b>Deel 6 — VOETZORGMATERIAAL EN HULPMIDDELEN</b><br>Zelf aangeschaft in de voorbije drie maanden, buiten wat de studie levert",text,Materiaal 1 — product,,De CMFO en de sensor van de studie horen hier niet bij,,,,,,,,,,,
e45_mat1_datum,e45_dagboek_baseline,,text,Materiaal 1 — datum aankoop,,dd-mm-jjjj,date_dmy,,,,,,,,,,
e45_mat1_kost,e45_dagboek_baseline,,text,Materiaal 1 — kost in euro,,,number_2dp,0,,,,,,,,,
e45_mat1_terug,e45_dagboek_baseline,,text,Materiaal 1 — terugbetaling mutualiteit in euro,,,number_2dp,0,,,,,,,,,
e45_mat2_wat,e45_dagboek_baseline,,text,Materiaal 2 — product,,,,,,,,,,,,,
e45_mat2_datum,e45_dagboek_baseline,,text,Materiaal 2 — datum aankoop,,dd-mm-jjjj,date_dmy,,,,,,,,,,
e45_mat2_kost,e45_dagboek_baseline,,text,Materiaal 2 — kost in euro,,,number_2dp,0,,,,,,,,,
e45_mat2_terug,e45_dagboek_baseline,,text,Materiaal 2 — terugbetaling mutualiteit in euro,,,number_2dp,0,,,,,,,,,
e45_mat3_wat,e45_dagboek_baseline,,text,Materiaal 3 — product,,,,,,,,,,,,,
e45_mat3_datum,e45_dagboek_baseline,,text,Materiaal 3 — datum aankoop,,dd-mm-jjjj,date_dmy,,,,,,,,,,
e45_mat3_kost,e45_dagboek_baseline,,text,Materiaal 3 — kost in euro,,,number_2dp,0,,,,,,,,,
e45_mat3_terug,e45_dagboek_baseline,,text,Materiaal 3 — terugbetaling mutualiteit in euro,,,number_2dp,0,,,,,,,,,
e45_mat4_wat,e45_dagboek_baseline,,text,Materiaal 4 — product,,,,,,,,,,,,,
e45_mat4_datum,e45_dagboek_baseline,,text,Materiaal 4 — datum aankoop,,dd-mm-jjjj,date_dmy,,,,,,,,,,
e45_mat4_kost,e45_dagboek_baseline,,text,Materiaal 4 — kost in euro,,,number_2dp,0,,,,,,,,,
e45_mat4_terug,e45_dagboek_baseline,,text,Materiaal 4 — terugbetaling mutualiteit in euro,,,number_2dp,0,,,,,,,,,
e45_mat5_wat,e45_dagboek_baseline,,text,Materiaal 5 — product,,,,,,,,,,,,,
e45_mat5_datum,e45_dagboek_baseline,,text,Materiaal 5 — datum aankoop,,dd-mm-jjjj,date_dmy,,,,,,,,,,
e45_mat5_kost,e45_dagboek_baseline,,text,Materiaal 5 — kost in euro,,,number_2dp,0,,,,,,,,,
e45_mat5_terug,e45_dagboek_baseline,,text,Materiaal 5 — terugbetaling mutualiteit in euro,,,number_2dp,0,,,,,,,,,
e45_mat_opm,e45_dagboek_baseline,,notes,"Notities van de deelnemer bij deel 6, voetzorgmateriaal en hulpmiddelen",,,,,,,,,,,,,
e45_dz1_datum,e45_dagboek_baseline,"<b>Deel 7a — VERBLIJF IN HET DAGZIEKENHUIS</b><br>Bij een herhaald verblijf, bijvoorbeeld nierdialyse, volstaat het totaal aantal en de periode",text,Dagverblijf 1 — datum of periode,,,,,,,,,,,,,
e45_dz1_zkh,e45_dagboek_baseline,,text,Dagverblijf 1 — naam en adres ziekenhuis,,,,,,,,,,,,,
e45_dz1_reden,e45_dagboek_baseline,,text,Dagverblijf 1 — reden,,,,,,,,,,,,,
e45_dz1_voet,e45_dagboek_baseline,,yesno,Dagverblijf 1 — voetgerelateerd,,,,,,,,,,,,,
e45_dz1_kost,e45_dagboek_baseline,,text,Dagverblijf 1 — kost in euro,,,number_2dp,0,,,,,,,,,
e45_dz1_terug,e45_dagboek_baseline,,text,Dagverblijf 1 — terugbetaling in euro,,,number_2dp,0,,,,,,,,,
e45_dz2_datum,e45_dagboek_baseline,,text,Dagverblijf 2 — datum of periode,,,,,,,,,,,,,
e45_dz2_zkh,e45_dagboek_baseline,,text,Dagverblijf 2 — naam en adres ziekenhuis,,,,,,,,,,,,,
e45_dz2_reden,e45_dagboek_baseline,,text,Dagverblijf 2 — reden,,,,,,,,,,,,,
e45_dz2_voet,e45_dagboek_baseline,,yesno,Dagverblijf 2 — voetgerelateerd,,,,,,,,,,,,,
e45_dz2_kost,e45_dagboek_baseline,,text,Dagverblijf 2 — kost in euro,,,number_2dp,0,,,,,,,,,
e45_dz2_terug,e45_dagboek_baseline,,text,Dagverblijf 2 — terugbetaling in euro,,,number_2dp,0,,,,,,,,,
e45_dz_opm,e45_dagboek_baseline,,notes,"Notities van de deelnemer bij deel 7a, verblijf in het dagziekenhuis",,,,,,,,,,,,,
e45_zh1_datum,e45_dagboek_baseline,"<b>Deel 7b — ZIEKENHUISVERBLIJF MET OVERNACHTING</b><br>Ook ongeplande spoedopnames, en spoedopnames zonder verdere hospitalisatie",text,Ziekenhuisverblijf 1 — datum opname en ontslag,,,,,,,,,,,,,
e45_zh1_zkh,e45_dagboek_baseline,,text,Ziekenhuisverblijf 1 — naam en adres ziekenhuis,,,,,,,,,,,,,
e45_zh1_reden,e45_dagboek_baseline,,text,Ziekenhuisverblijf 1 — reden,,,,,,,,,,,,,
e45_zh1_voet,e45_dagboek_baseline,,yesno,Ziekenhuisverblijf 1 — voetgerelateerd,,,,,,,,,,,,,
e45_zh1_kost,e45_dagboek_baseline,,text,Ziekenhuisverblijf 1 — kost in euro,,,number_2dp,0,,,,,,,,,
e45_zh1_terug,e45_dagboek_baseline,,text,Ziekenhuisverblijf 1 — terugbetaling in euro,,,number_2dp,0,,,,,,,,,
e45_zh2_datum,e45_dagboek_baseline,,text,Ziekenhuisverblijf 2 — datum opname en ontslag,,,,,,,,,,,,,
e45_zh2_zkh,e45_dagboek_baseline,,text,Ziekenhuisverblijf 2 — naam en adres ziekenhuis,,,,,,,,,,,,,
e45_zh2_reden,e45_dagboek_baseline,,text,Ziekenhuisverblijf 2 — reden,,,,,,,,,,,,,
e45_zh2_voet,e45_dagboek_baseline,,yesno,Ziekenhuisverblijf 2 — voetgerelateerd,,,,,,,,,,,,,
e45_zh2_kost,e45_dagboek_baseline,,text,Ziekenhuisverblijf 2 — kost in euro,,,number_2dp,0,,,,,,,,,
e45_zh2_terug,e45_dagboek_baseline,,text,Ziekenhuisverblijf 2 — terugbetaling in euro,,,number_2dp,0,,,,,,,,,
e45_zh_opm,e45_dagboek_baseline,,notes,"Notities van de deelnemer bij deel 7b, ziekenhuisverblijf met overnachting",,,,,,,,,,,,,
e45_door,e45_dagboek_baseline,,text,Ingevoerd door (initialen),,Initialen van het studieteamlid dat overzet,,,,,,,,,,,
e45a_datum,e45a_dagboek_2wk,,text,Periode van invullen — van,,dd-mm-jjjj; de einddatum staat in het veld hieronder,date_dmy,,,,,y,,,,,
e45a_tot,e45a_dagboek_2wk,,text,Periode van invullen — tot,,dd-mm-jjjj; de begindatum staat in het veld hierboven,date_dmy,,,,,,,,,,
e45a_zv,e45a_dagboek_2wk,"<b>Deel 1 — CONTACT MET KINESIST, ERGOTHERAPEUT OF ANDERE ZORGVERLENER</b><br>Niet de PARADISE-studiebezoeken bij de podoloog, de arts of de schoentechnieker noteren, die houdt het studieteam apart bij",yesno,"Had de deelnemer in deze periode een sessie bij een kinesist, ergotherapeut, podotherapeut of andere zorgverlener?",,,,,,,,,,,,,
e45a_zv_aantal,e45a_dagboek_2wk,,text,Hoe vaak binnen deze periode,,,integer,0,,,[e45a_zv]='1',,,,,,
e45a_zv_wie,e45a_dagboek_2wk,,text,Bij welke zorgverlener,,,,,,,[e45a_zv]='1',,,,,,
e45a_zv_kost,e45a_dagboek_2wk,,text,Kost in euro,,,number_2dp,0,,,[e45a_zv]='1',,,,,,
e45a_zv_terug,e45a_dagboek_2wk,,text,Terugbetaling in euro,,,number_2dp,0,,,[e45a_zv]='1',,,,,,
e45a_c1_datum,e45a_dagboek_2wk,"<b>Deel 2 — CONSULTATIES</b><br>Contact met een dienst binnen de gezondheidszorg in deze periode; telefoon- en e-mailcontact tellen mee. Niet de PARADISE-studiebezoeken bij de podoloog, de arts of de schoentechnieker noteren, die houdt het studieteam apart bij",text,Consultatie 1 — datum,,dd-mm-jjjj,date_dmy,,,,,,,,,,
e45a_c1_wie,e45a_dagboek_2wk,,text,Consultatie 1 — met wie,,,,,,,,,,,,,
e45a_c1_type,e45a_dagboek_2wk,,text,Consultatie 1 — type consultatie,,"Telefoongesprek, individuele consultatie of andere consultatie",,,,,,,,,,,
e45a_c1_waar,e45a_dagboek_2wk,,text,Consultatie 1 — waar,,,,,,,,,,,,,
e45a_c1_duur,e45a_dagboek_2wk,,text,Consultatie 1 — tijdsduur,,Inclusief wachttijd en reisweg,,,,,,,,,,,
e45a_c1_kost,e45a_dagboek_2wk,,text,Consultatie 1 — kost in euro,,,number_2dp,0,,,,,,,,,
e45a_c2_datum,e45a_dagboek_2wk,,text,Consultatie 2 — datum,,dd-mm-jjjj,date_dmy,,,,,,,,,,
e45a_c2_wie,e45a_dagboek_2wk,,text,Consultatie 2 — met wie,,,,,,,,,,,,,
e45a_c2_type,e45a_dagboek_2wk,,text,Consultatie 2 — type consultatie,,,,,,,,,,,,,
e45a_c2_waar,e45a_dagboek_2wk,,text,Consultatie 2 — waar,,,,,,,,,,,,,
e45a_c2_duur,e45a_dagboek_2wk,,text,Consultatie 2 — tijdsduur,,,,,,,,,,,,,
e45a_c2_kost,e45a_dagboek_2wk,,text,Consultatie 2 — kost in euro,,,number_2dp,0,,,,,,,,,
e45a_c3_datum,e45a_dagboek_2wk,,text,Consultatie 3 — datum,,dd-mm-jjjj,date_dmy,,,,,,,,,,
e45a_c3_wie,e45a_dagboek_2wk,,text,Consultatie 3 — met wie,,,,,,,,,,,,,
e45a_c3_type,e45a_dagboek_2wk,,text,Consultatie 3 — type consultatie,,,,,,,,,,,,,
e45a_c3_waar,e45a_dagboek_2wk,,text,Consultatie 3 — waar,,,,,,,,,,,,,
e45a_c3_duur,e45a_dagboek_2wk,,text,Consultatie 3 — tijdsduur,,,,,,,,,,,,,
e45a_c3_kost,e45a_dagboek_2wk,,text,Consultatie 3 — kost in euro,,,number_2dp,0,,,,,,,,,
e45a_tvp,e45a_dagboek_2wk,<b>Deel 3 — THUISVERPLEEGKUNDIGE</b>,yesno,Is de situatie met de thuisverpleegkundige veranderd in deze periode?,,"Gestart, gestopt of een andere frequentie",,,,,,,,,,,
e45a_tvp_opm,e45a_dagboek_2wk,,notes,Wat er veranderd is bij de thuisverpleegkundige,,,,,,,[e45a_tvp]='1',,,,,,
e45a_tz,e45a_dagboek_2wk,<b>Deel 4 — THUISZORGDIENSTEN</b>,yesno,Is er iets veranderd aan de thuiszorgdiensten in deze periode?,,"Poetshulp, gezinszorg, maaltijden aan huis, vervoershulp, klusjesdienst",,,,,,,,,,,
e45a_tz_opm,e45a_dagboek_2wk,,notes,Wat er veranderd is bij de thuiszorgdiensten,,,,,,,[e45a_tz]='1',,,,,,
e45a_mat1_wat,e45a_dagboek_2wk,"<b>Deel 5 — VOETZORGMATERIAAL EN HULPMIDDELEN</b><br>Zelf aangeschaft in deze periode, buiten wat de studie levert",text,Materiaal 1 — product,,De CMFO en de sensor van de studie horen hier niet bij,,,,,,,,,,,
e45a_mat1_datum,e45a_dagboek_2wk,,text,Materiaal 1 — datum aankoop,,dd-mm-jjjj,date_dmy,,,,,,,,,,
e45a_mat1_kost,e45a_dagboek_2wk,,text,Materiaal 1 — kost in euro,,,number_2dp,0,,,,,,,,,
e45a_mat1_terug,e45a_dagboek_2wk,,text,Materiaal 1 — terugbetaling mutualiteit in euro,,,number_2dp,0,,,,,,,,,
e45a_mat2_wat,e45a_dagboek_2wk,,text,Materiaal 2 — product,,,,,,,,,,,,,
e45a_mat2_datum,e45a_dagboek_2wk,,text,Materiaal 2 — datum aankoop,,dd-mm-jjjj,date_dmy,,,,,,,,,,
e45a_mat2_kost,e45a_dagboek_2wk,,text,Materiaal 2 — kost in euro,,,number_2dp,0,,,,,,,,,
e45a_mat2_terug,e45a_dagboek_2wk,,text,Materiaal 2 — terugbetaling mutualiteit in euro,,,number_2dp,0,,,,,,,,,
e45a_zh,e45a_dagboek_2wk,<b>Deel 6 — DAGZIEKENHUIS OF ZIEKENHUISVERBLIJF</b><br>Gepland of spoed,yesno,Was er in deze periode een verblijf in het dagziekenhuis of een ziekenhuisopname?,,,,,,,,,,,,,
e45a_zh_datum,e45a_dagboek_2wk,,text,Datum of periode,,,,,,,[e45a_zh]='1',,,,,,
e45a_zh_zkh,e45a_dagboek_2wk,,text,Naam en adres ziekenhuis,,,,,,,[e45a_zh]='1',,,,,,
e45a_zh_reden,e45a_dagboek_2wk,,text,Reden van het verblijf,,,,,,,[e45a_zh]='1',,,,,,
e45a_zh_voet,e45a_dagboek_2wk,,yesno,Voetgerelateerd,,,,,,,[e45a_zh]='1',,,,,,
e45a_zh_type,e45a_dagboek_2wk,,radio,Type verblijf,"1, Dagziekenhuis|2, Met overnachting",,,,,,[e45a_zh]='1',,,,,,
e45a_zh_opm,e45a_dagboek_2wk,,notes,"Notities van de deelnemer bij deel 6, dagziekenhuis of ziekenhuisverblijf",,,,,,,,,,,,,
e45a_door,e45a_dagboek_2wk,,text,Ingevoerd door (initialen),,Initialen van het studieteamlid dat overzet,,,,,,,,,,,
e45b_datum,e45b_dagboek_3mnd,,text,Datum van invullen,,dd-mm-jjjj,date_dmy,,,,,y,,,,,
e45b_med,e45b_dagboek_3mnd,<b>Deel 1 — MEDICATIE</b>,yesno,Is het medicatiegebruik veranderd ten opzichte van de vorige periode?,,,,,,,,,,,,,
e45b_m1_naam,e45b_dagboek_3mnd,,text,Verandering 1 — naam medicatie,,,,,,,[e45b_med]='1',,,,,,
e45b_m1_soort,e45b_dagboek_3mnd,,radio,Verandering 1 — soort verandering,"1, Stop medicatie|2, Extra medicatie|3, Verandering dosis",,,,,,[e45b_med]='1',,,,,,
e45b_m1_dosis,e45b_dagboek_3mnd,,text,Verandering 1 — dosering per stuk,,,,,,,[e45b_med]='1',,,,,,
e45b_m1_aantal,e45b_dagboek_3mnd,,text,Verandering 1 — aantal per dag,,,integer,0,,,[e45b_med]='1',,,,,,
e45b_m1_periode,e45b_dagboek_3mnd,,text,Verandering 1 — aantal deze periode,,,integer,0,,,[e45b_med]='1',,,,,,
e45b_m2_naam,e45b_dagboek_3mnd,,text,Verandering 2 — naam medicatie,,,,,,,[e45b_med]='1',,,,,,
e45b_m2_soort,e45b_dagboek_3mnd,,radio,Verandering 2 — soort verandering,"1, Stop medicatie|2, Extra medicatie|3, Verandering dosis",,,,,,[e45b_med]='1',,,,,,
e45b_m2_dosis,e45b_dagboek_3mnd,,text,Verandering 2 — dosering per stuk,,,,,,,[e45b_med]='1',,,,,,
e45b_m2_aantal,e45b_dagboek_3mnd,,text,Verandering 2 — aantal per dag,,,integer,0,,,[e45b_med]='1',,,,,,
e45b_m2_periode,e45b_dagboek_3mnd,,text,Verandering 2 — aantal deze periode,,,integer,0,,,[e45b_med]='1',,,,,,
e45b_m3_naam,e45b_dagboek_3mnd,,text,Verandering 3 — naam medicatie,,,,,,,[e45b_med]='1',,,,,,
e45b_m3_soort,e45b_dagboek_3mnd,,radio,Verandering 3 — soort verandering,"1, Stop medicatie|2, Extra medicatie|3, Verandering dosis",,,,,,[e45b_med]='1',,,,,,
e45b_m3_dosis,e45b_dagboek_3mnd,,text,Verandering 3 — dosering per stuk,,,,,,,[e45b_med]='1',,,,,,
e45b_m3_aantal,e45b_dagboek_3mnd,,text,Verandering 3 — aantal per dag,,,integer,0,,,[e45b_med]='1',,,,,,
e45b_m3_periode,e45b_dagboek_3mnd,,text,Verandering 3 — aantal deze periode,,,integer,0,,,[e45b_med]='1',,,,,,
e45b_m4_naam,e45b_dagboek_3mnd,,text,Verandering 4 — naam medicatie,,,,,,,[e45b_med]='1',,,,,,
e45b_m4_soort,e45b_dagboek_3mnd,,radio,Verandering 4 — soort verandering,"1, Stop medicatie|2, Extra medicatie|3, Verandering dosis",,,,,,[e45b_med]='1',,,,,,
e45b_m4_dosis,e45b_dagboek_3mnd,,text,Verandering 4 — dosering per stuk,,,,,,,[e45b_med]='1',,,,,,
e45b_m4_aantal,e45b_dagboek_3mnd,,text,Verandering 4 — aantal per dag,,,integer,0,,,[e45b_med]='1',,,,,,
e45b_m4_periode,e45b_dagboek_3mnd,,text,Verandering 4 — aantal deze periode,,,integer,0,,,[e45b_med]='1',,,,,,
e45b_med_opm,e45b_dagboek_3mnd,,notes,"Notities van de deelnemer bij deel 1, medicatie",,,,,,,,,,,,,
e45b_zv1_per,e45b_dagboek_3mnd,"<b>Deel 2 — CONTACT MET KINESIST, ERGOTHERAPEUT OF ANDERE ZORGVERLENER</b><br>Niet de PARADISE-studiebezoeken bij de podoloog, de arts of de schoentechnieker noteren, die houdt het studieteam apart bij",text,Zorgverlener 1 — periode van contact,,,,,,,,,,,,,
e45b_zv1_aantal,e45b_dagboek_3mnd,,text,Zorgverlener 1 — hoe vaak binnen deze periode,,,integer,0,,,,,,,,,
e45b_zv1_wie,e45b_dagboek_3mnd,,text,Zorgverlener 1 — welke zorgverlener,,,,,,,,,,,,,
e45b_zv1_reden,e45b_dagboek_3mnd,,text,Zorgverlener 1 — reden van contact,,,,,,,,,,,,,
e45b_zv1_kost,e45b_dagboek_3mnd,,text,Zorgverlener 1 — kost in euro,,,number_2dp,0,,,,,,,,,
e45b_zv1_terug,e45b_dagboek_3mnd,,text,Zorgverlener 1 — terugbetaling in euro,,,number_2dp,0,,,,,,,,,
e45b_zv2_per,e45b_dagboek_3mnd,,text,Zorgverlener 2 — periode van contact,,,,,,,,,,,,,
e45b_zv2_aantal,e45b_dagboek_3mnd,,text,Zorgverlener 2 — hoe vaak binnen deze periode,,,integer,0,,,,,,,,,
e45b_zv2_wie,e45b_dagboek_3mnd,,text,Zorgverlener 2 — welke zorgverlener,,,,,,,,,,,,,
e45b_zv2_reden,e45b_dagboek_3mnd,,text,Zorgverlener 2 — reden van contact,,,,,,,,,,,,,
e45b_zv2_kost,e45b_dagboek_3mnd,,text,Zorgverlener 2 — kost in euro,,,number_2dp,0,,,,,,,,,
e45b_zv2_terug,e45b_dagboek_3mnd,,text,Zorgverlener 2 — terugbetaling in euro,,,number_2dp,0,,,,,,,,,
e45b_zv3_per,e45b_dagboek_3mnd,,text,Zorgverlener 3 — periode van contact,,,,,,,,,,,,,
e45b_zv3_aantal,e45b_dagboek_3mnd,,text,Zorgverlener 3 — hoe vaak binnen deze periode,,,integer,0,,,,,,,,,
e45b_zv3_wie,e45b_dagboek_3mnd,,text,Zorgverlener 3 — welke zorgverlener,,,,,,,,,,,,,
e45b_zv3_reden,e45b_dagboek_3mnd,,text,Zorgverlener 3 — reden van contact,,,,,,,,,,,,,
e45b_zv3_kost,e45b_dagboek_3mnd,,text,Zorgverlener 3 — kost in euro,,,number_2dp,0,,,,,,,,,
e45b_zv3_terug,e45b_dagboek_3mnd,,text,Zorgverlener 3 — terugbetaling in euro,,,number_2dp,0,,,,,,,,,
e45b_zv_opm,e45b_dagboek_3mnd,,notes,"Notities van de deelnemer bij deel 2, contact met kinesist, ergotherapeut of andere zorgverlener",,,,,,,,,,,,,
e45b_c1_datum,e45b_dagboek_3mnd,"<b>Deel 3 — CONSULTATIES</b><br>Elk contact met een dienst binnen de gezondheidszorg in deze periode. Niet de PARADISE-studiebezoeken bij de podoloog, de arts of de schoentechnieker noteren, die houdt het studieteam apart bij",text,Consultatie 1 — datum,,dd-mm-jjjj,date_dmy,,,,,,,,,,
e45b_c1_wie,e45b_dagboek_3mnd,,text,Consultatie 1 — met wie,,,,,,,,,,,,,
e45b_c1_type,e45b_dagboek_3mnd,,text,Consultatie 1 — type consultatie,,"Telefoongesprek, individuele consultatie of andere consultatie",,,,,,,,,,,
e45b_c1_waar,e45b_dagboek_3mnd,,text,Consultatie 1 — waar,,,,,,,,,,,,,
e45b_c1_duur,e45b_dagboek_3mnd,,text,Consultatie 1 — tijdsduur,,Inclusief wachttijd en reisweg,,,,,,,,,,,
e45b_c1_kost,e45b_dagboek_3mnd,,text,Consultatie 1 — kost in euro,,,number_2dp,0,,,,,,,,,
e45b_c2_datum,e45b_dagboek_3mnd,,text,Consultatie 2 — datum,,dd-mm-jjjj,date_dmy,,,,,,,,,,
e45b_c2_wie,e45b_dagboek_3mnd,,text,Consultatie 2 — met wie,,,,,,,,,,,,,
e45b_c2_type,e45b_dagboek_3mnd,,text,Consultatie 2 — type consultatie,,,,,,,,,,,,,
e45b_c2_waar,e45b_dagboek_3mnd,,text,Consultatie 2 — waar,,,,,,,,,,,,,
e45b_c2_duur,e45b_dagboek_3mnd,,text,Consultatie 2 — tijdsduur,,,,,,,,,,,,,
e45b_c2_kost,e45b_dagboek_3mnd,,text,Consultatie 2 — kost in euro,,,number_2dp,0,,,,,,,,,
e45b_c3_datum,e45b_dagboek_3mnd,,text,Consultatie 3 — datum,,dd-mm-jjjj,date_dmy,,,,,,,,,,
e45b_c3_wie,e45b_dagboek_3mnd,,text,Consultatie 3 — met wie,,,,,,,,,,,,,
e45b_c3_type,e45b_dagboek_3mnd,,text,Consultatie 3 — type consultatie,,,,,,,,,,,,,
e45b_c3_waar,e45b_dagboek_3mnd,,text,Consultatie 3 — waar,,,,,,,,,,,,,
e45b_c3_duur,e45b_dagboek_3mnd,,text,Consultatie 3 — tijdsduur,,,,,,,,,,,,,
e45b_c3_kost,e45b_dagboek_3mnd,,text,Consultatie 3 — kost in euro,,,number_2dp,0,,,,,,,,,
e45b_c4_datum,e45b_dagboek_3mnd,,text,Consultatie 4 — datum,,dd-mm-jjjj,date_dmy,,,,,,,,,,
e45b_c4_wie,e45b_dagboek_3mnd,,text,Consultatie 4 — met wie,,,,,,,,,,,,,
e45b_c4_type,e45b_dagboek_3mnd,,text,Consultatie 4 — type consultatie,,,,,,,,,,,,,
e45b_c4_waar,e45b_dagboek_3mnd,,text,Consultatie 4 — waar,,,,,,,,,,,,,
e45b_c4_duur,e45b_dagboek_3mnd,,text,Consultatie 4 — tijdsduur,,,,,,,,,,,,,
e45b_c4_kost,e45b_dagboek_3mnd,,text,Consultatie 4 — kost in euro,,,number_2dp,0,,,,,,,,,
e45b_c5_datum,e45b_dagboek_3mnd,,text,Consultatie 5 — datum,,dd-mm-jjjj,date_dmy,,,,,,,,,,
e45b_c5_wie,e45b_dagboek_3mnd,,text,Consultatie 5 — met wie,,,,,,,,,,,,,
e45b_c5_type,e45b_dagboek_3mnd,,text,Consultatie 5 — type consultatie,,,,,,,,,,,,,
e45b_c5_waar,e45b_dagboek_3mnd,,text,Consultatie 5 — waar,,,,,,,,,,,,,
e45b_c5_duur,e45b_dagboek_3mnd,,text,Consultatie 5 — tijdsduur,,,,,,,,,,,,,
e45b_c5_kost,e45b_dagboek_3mnd,,text,Consultatie 5 — kost in euro,,,number_2dp,0,,,,,,,,,
e45b_c6_datum,e45b_dagboek_3mnd,,text,Consultatie 6 — datum,,dd-mm-jjjj,date_dmy,,,,,,,,,,
e45b_c6_wie,e45b_dagboek_3mnd,,text,Consultatie 6 — met wie,,,,,,,,,,,,,
e45b_c6_type,e45b_dagboek_3mnd,,text,Consultatie 6 — type consultatie,,,,,,,,,,,,,
e45b_c6_waar,e45b_dagboek_3mnd,,text,Consultatie 6 — waar,,,,,,,,,,,,,
e45b_c6_duur,e45b_dagboek_3mnd,,text,Consultatie 6 — tijdsduur,,,,,,,,,,,,,
e45b_c6_kost,e45b_dagboek_3mnd,,text,Consultatie 6 — kost in euro,,,number_2dp,0,,,,,,,,,
e45b_c7_datum,e45b_dagboek_3mnd,,text,Consultatie 7 — datum,,dd-mm-jjjj,date_dmy,,,,,,,,,,
e45b_c7_wie,e45b_dagboek_3mnd,,text,Consultatie 7 — met wie,,,,,,,,,,,,,
e45b_c7_type,e45b_dagboek_3mnd,,text,Consultatie 7 — type consultatie,,,,,,,,,,,,,
e45b_c7_waar,e45b_dagboek_3mnd,,text,Consultatie 7 — waar,,,,,,,,,,,,,
e45b_c7_duur,e45b_dagboek_3mnd,,text,Consultatie 7 — tijdsduur,,,,,,,,,,,,,
e45b_c7_kost,e45b_dagboek_3mnd,,text,Consultatie 7 — kost in euro,,,number_2dp,0,,,,,,,,,
e45b_c8_datum,e45b_dagboek_3mnd,,text,Consultatie 8 — datum,,dd-mm-jjjj,date_dmy,,,,,,,,,,
e45b_c8_wie,e45b_dagboek_3mnd,,text,Consultatie 8 — met wie,,,,,,,,,,,,,
e45b_c8_type,e45b_dagboek_3mnd,,text,Consultatie 8 — type consultatie,,,,,,,,,,,,,
e45b_c8_waar,e45b_dagboek_3mnd,,text,Consultatie 8 — waar,,,,,,,,,,,,,
e45b_c8_duur,e45b_dagboek_3mnd,,text,Consultatie 8 — tijdsduur,,,,,,,,,,,,,
e45b_c8_kost,e45b_dagboek_3mnd,,text,Consultatie 8 — kost in euro,,,number_2dp,0,,,,,,,,,
e45b_cons_opm,e45b_dagboek_3mnd,,notes,"Notities van de deelnemer bij deel 3, consultaties",,,,,,,,,,,,,
e45b_tvp,e45b_dagboek_3mnd,<b>Deel 4 — THUISVERPLEEGKUNDIGE</b>,yesno,Is de situatie met de thuisverpleegkundige veranderd ten opzichte van de vorige periode?,,,,,,,,,,,,,
e45b_tvp_reden,e45b_dagboek_3mnd,,notes,Reden van de verandering,,"Bijvoorbeeld gestart, gestopt of frequentie gewijzigd",,,,,[e45b_tvp]='1',,,,,,
e45b_tvp_nieuw,e45b_dagboek_3mnd,,text,Nieuwe reden van het bezoek,,,,,,,[e45b_tvp]='1',,,,,,
e45b_tvp_sinds,e45b_dagboek_3mnd,,text,Sinds wanneer,,dd-mm-jjjj,date_dmy,,,,[e45b_tvp]='1',,,,,,
e45b_tvp_dag,e45b_dagboek_3mnd,,text,Nieuwe frequentie per dag,,,integer,0,,,[e45b_tvp]='1',,,,,,
e45b_tvp_week,e45b_dagboek_3mnd,,text,Nieuwe frequentie per week,,,integer,0,21,,[e45b_tvp]='1',,,,,,
e45b_tvp_f1_per,e45b_dagboek_3mnd,Facturen thuisverpleging,text,Factuur 1 — periode van de factuur,,,,,,,,,,,,,
e45b_tvp_f1_kost,e45b_dagboek_3mnd,,text,Factuur 1 — kost in euro,,,number_2dp,0,,,,,,,,,
e45b_tvp_f2_per,e45b_dagboek_3mnd,,text,Factuur 2 — periode van de factuur,,,,,,,,,,,,,
e45b_tvp_f2_kost,e45b_dagboek_3mnd,,text,Factuur 2 — kost in euro,,,number_2dp,0,,,,,,,,,
e45b_tvp_opm,e45b_dagboek_3mnd,,notes,"Notities van de deelnemer bij deel 4, thuisverpleegkundige",,,,,,,,,,,,,
e45b_tz,e45b_dagboek_3mnd,<b>Deel 5 — THUISZORGDIENSTEN</b>,yesno,Zijn de thuiszorgdiensten veranderd ten opzichte van de vorige periode?,,"Gestart, gestopt, of van frequentie of kost veranderd",,,,,,,,,,,
e45b_tz1_freq,e45b_dagboek_3mnd,Alleen de diensten invullen die veranderd zijn,text,Poetshulp — frequentie,,,,,,,[e45b_tz]='1',,,,,,
e45b_tz1_start,e45b_dagboek_3mnd,,text,Poetshulp — startdatum,,dd-mm-jjjj,date_dmy,,,,[e45b_tz]='1',,,,,,
e45b_tz1_stop,e45b_dagboek_3mnd,,text,Poetshulp — stopdatum,,dd-mm-jjjj,date_dmy,,,,[e45b_tz]='1',,,,,,
e45b_tz1_bet,e45b_dagboek_3mnd,,text,Poetshulp — betaling in euro,,,number_2dp,0,,,[e45b_tz]='1',,,,,,
e45b_tz2_freq,e45b_dagboek_3mnd,,text,Gezinszorg — frequentie,,,,,,,[e45b_tz]='1',,,,,,
e45b_tz2_start,e45b_dagboek_3mnd,,text,Gezinszorg — startdatum,,dd-mm-jjjj,date_dmy,,,,[e45b_tz]='1',,,,,,
e45b_tz2_stop,e45b_dagboek_3mnd,,text,Gezinszorg — stopdatum,,dd-mm-jjjj,date_dmy,,,,[e45b_tz]='1',,,,,,
e45b_tz2_bet,e45b_dagboek_3mnd,,text,Gezinszorg — betaling in euro,,,number_2dp,0,,,[e45b_tz]='1',,,,,,
e45b_tz3_freq,e45b_dagboek_3mnd,,text,Maaltijden aan huis — frequentie,,,,,,,[e45b_tz]='1',,,,,,
e45b_tz3_start,e45b_dagboek_3mnd,,text,Maaltijden aan huis — startdatum,,dd-mm-jjjj,date_dmy,,,,[e45b_tz]='1',,,,,,
e45b_tz3_stop,e45b_dagboek_3mnd,,text,Maaltijden aan huis — stopdatum,,dd-mm-jjjj,date_dmy,,,,[e45b_tz]='1',,,,,,
e45b_tz3_bet,e45b_dagboek_3mnd,,text,Maaltijden aan huis — betaling in euro,,,number_2dp,0,,,[e45b_tz]='1',,,,,,
e45b_tz4_freq,e45b_dagboek_3mnd,,text,Vervoershulp — frequentie,,,,,,,[e45b_tz]='1',,,,,,
e45b_tz4_start,e45b_dagboek_3mnd,,text,Vervoershulp — startdatum,,dd-mm-jjjj,date_dmy,,,,[e45b_tz]='1',,,,,,
e45b_tz4_stop,e45b_dagboek_3mnd,,text,Vervoershulp — stopdatum,,dd-mm-jjjj,date_dmy,,,,[e45b_tz]='1',,,,,,
e45b_tz4_bet,e45b_dagboek_3mnd,,text,Vervoershulp — betaling in euro,,,number_2dp,0,,,[e45b_tz]='1',,,,,,
e45b_tz5_freq,e45b_dagboek_3mnd,,text,Klusjesdienst — frequentie,,,,,,,[e45b_tz]='1',,,,,,
e45b_tz5_start,e45b_dagboek_3mnd,,text,Klusjesdienst — startdatum,,dd-mm-jjjj,date_dmy,,,,[e45b_tz]='1',,,,,,
e45b_tz5_stop,e45b_dagboek_3mnd,,text,Klusjesdienst — stopdatum,,dd-mm-jjjj,date_dmy,,,,[e45b_tz]='1',,,,,,
e45b_tz5_bet,e45b_dagboek_3mnd,,text,Klusjesdienst — betaling in euro,,,number_2dp,0,,,[e45b_tz]='1',,,,,,
e45b_tz_opm,e45b_dagboek_3mnd,,notes,"Notities van de deelnemer bij deel 5, thuiszorgdiensten",,,,,,,,,,,,,
e45b_mat1_wat,e45b_dagboek_3mnd,"<b>Deel 6 — VOETZORGMATERIAAL EN HULPMIDDELEN</b><br>Zelf aangeschaft in deze periode, buiten wat de studie levert",text,Materiaal 1 — product,,De CMFO en de sensor van de studie horen hier niet bij,,,,,,,,,,,
e45b_mat1_datum,e45b_dagboek_3mnd,,text,Materiaal 1 — datum aankoop,,dd-mm-jjjj,date_dmy,,,,,,,,,,
e45b_mat1_kost,e45b_dagboek_3mnd,,text,Materiaal 1 — kost in euro,,,number_2dp,0,,,,,,,,,
e45b_mat1_terug,e45b_dagboek_3mnd,,text,Materiaal 1 — terugbetaling mutualiteit in euro,,,number_2dp,0,,,,,,,,,
e45b_mat2_wat,e45b_dagboek_3mnd,,text,Materiaal 2 — product,,,,,,,,,,,,,
e45b_mat2_datum,e45b_dagboek_3mnd,,text,Materiaal 2 — datum aankoop,,dd-mm-jjjj,date_dmy,,,,,,,,,,
e45b_mat2_kost,e45b_dagboek_3mnd,,text,Materiaal 2 — kost in euro,,,number_2dp,0,,,,,,,,,
e45b_mat2_terug,e45b_dagboek_3mnd,,text,Materiaal 2 — terugbetaling mutualiteit in euro,,,number_2dp,0,,,,,,,,,
e45b_mat3_wat,e45b_dagboek_3mnd,,text,Materiaal 3 — product,,,,,,,,,,,,,
e45b_mat3_datum,e45b_dagboek_3mnd,,text,Materiaal 3 — datum aankoop,,dd-mm-jjjj,date_dmy,,,,,,,,,,
e45b_mat3_kost,e45b_dagboek_3mnd,,text,Materiaal 3 — kost in euro,,,number_2dp,0,,,,,,,,,
e45b_mat3_terug,e45b_dagboek_3mnd,,text,Materiaal 3 — terugbetaling mutualiteit in euro,,,number_2dp,0,,,,,,,,,
e45b_mat4_wat,e45b_dagboek_3mnd,,text,Materiaal 4 — product,,,,,,,,,,,,,
e45b_mat4_datum,e45b_dagboek_3mnd,,text,Materiaal 4 — datum aankoop,,dd-mm-jjjj,date_dmy,,,,,,,,,,
e45b_mat4_kost,e45b_dagboek_3mnd,,text,Materiaal 4 — kost in euro,,,number_2dp,0,,,,,,,,,
e45b_mat4_terug,e45b_dagboek_3mnd,,text,Materiaal 4 — terugbetaling mutualiteit in euro,,,number_2dp,0,,,,,,,,,
e45b_mat5_wat,e45b_dagboek_3mnd,,text,Materiaal 5 — product,,,,,,,,,,,,,
e45b_mat5_datum,e45b_dagboek_3mnd,,text,Materiaal 5 — datum aankoop,,dd-mm-jjjj,date_dmy,,,,,,,,,,
e45b_mat5_kost,e45b_dagboek_3mnd,,text,Materiaal 5 — kost in euro,,,number_2dp,0,,,,,,,,,
e45b_mat5_terug,e45b_dagboek_3mnd,,text,Materiaal 5 — terugbetaling mutualiteit in euro,,,number_2dp,0,,,,,,,,,
e45b_mat_opm,e45b_dagboek_3mnd,,notes,"Notities van de deelnemer bij deel 6, voetzorgmateriaal en hulpmiddelen",,,,,,,,,,,,,
e45b_dz1_datum,e45b_dagboek_3mnd,"<b>Deel 7a — VERBLIJF IN HET DAGZIEKENHUIS</b><br>Bij een herhaald verblijf, bijvoorbeeld nierdialyse, volstaat het totaal aantal en de periode",text,Dagverblijf 1 — datum of periode,,,,,,,,,,,,,
e45b_dz1_zkh,e45b_dagboek_3mnd,,text,Dagverblijf 1 — naam en adres ziekenhuis,,,,,,,,,,,,,
e45b_dz1_reden,e45b_dagboek_3mnd,,text,Dagverblijf 1 — reden,,,,,,,,,,,,,
e45b_dz1_voet,e45b_dagboek_3mnd,,yesno,Dagverblijf 1 — voetgerelateerd,,,,,,,,,,,,,
e45b_dz1_kost,e45b_dagboek_3mnd,,text,Dagverblijf 1 — kost in euro,,,number_2dp,0,,,,,,,,,
e45b_dz1_terug,e45b_dagboek_3mnd,,text,Dagverblijf 1 — terugbetaling in euro,,,number_2dp,0,,,,,,,,,
e45b_dz2_datum,e45b_dagboek_3mnd,,text,Dagverblijf 2 — datum of periode,,,,,,,,,,,,,
e45b_dz2_zkh,e45b_dagboek_3mnd,,text,Dagverblijf 2 — naam en adres ziekenhuis,,,,,,,,,,,,,
e45b_dz2_reden,e45b_dagboek_3mnd,,text,Dagverblijf 2 — reden,,,,,,,,,,,,,
e45b_dz2_voet,e45b_dagboek_3mnd,,yesno,Dagverblijf 2 — voetgerelateerd,,,,,,,,,,,,,
e45b_dz2_kost,e45b_dagboek_3mnd,,text,Dagverblijf 2 — kost in euro,,,number_2dp,0,,,,,,,,,
e45b_dz2_terug,e45b_dagboek_3mnd,,text,Dagverblijf 2 — terugbetaling in euro,,,number_2dp,0,,,,,,,,,
e45b_dz_opm,e45b_dagboek_3mnd,,notes,"Notities van de deelnemer bij deel 7a, verblijf in het dagziekenhuis",,,,,,,,,,,,,
e45b_zh1_datum,e45b_dagboek_3mnd,"<b>Deel 7b — ZIEKENHUISVERBLIJF MET OVERNACHTING</b><br>Ook ongeplande spoedopnames, en spoedopnames zonder verdere hospitalisatie",text,Ziekenhuisverblijf 1 — datum opname en ontslag,,,,,,,,,,,,,
e45b_zh1_zkh,e45b_dagboek_3mnd,,text,Ziekenhuisverblijf 1 — naam en adres ziekenhuis,,,,,,,,,,,,,
e45b_zh1_reden,e45b_dagboek_3mnd,,text,Ziekenhuisverblijf 1 — reden,,,,,,,,,,,,,
e45b_zh1_voet,e45b_dagboek_3mnd,,yesno,Ziekenhuisverblijf 1 — voetgerelateerd,,,,,,,,,,,,,
e45b_zh1_kost,e45b_dagboek_3mnd,,text,Ziekenhuisverblijf 1 — kost in euro,,,number_2dp,0,,,,,,,,,
e45b_zh1_terug,e45b_dagboek_3mnd,,text,Ziekenhuisverblijf 1 — terugbetaling in euro,,,number_2dp,0,,,,,,,,,
e45b_zh2_datum,e45b_dagboek_3mnd,,text,Ziekenhuisverblijf 2 — datum opname en ontslag,,,,,,,,,,,,,
e45b_zh2_zkh,e45b_dagboek_3mnd,,text,Ziekenhuisverblijf 2 — naam en adres ziekenhuis,,,,,,,,,,,,,
e45b_zh2_reden,e45b_dagboek_3mnd,,text,Ziekenhuisverblijf 2 — reden,,,,,,,,,,,,,
e45b_zh2_voet,e45b_dagboek_3mnd,,yesno,Ziekenhuisverblijf 2 — voetgerelateerd,,,,,,,,,,,,,
e45b_zh2_kost,e45b_dagboek_3mnd,,text,Ziekenhuisverblijf 2 — kost in euro,,,number_2dp,0,,,,,,,,,
e45b_zh2_terug,e45b_dagboek_3mnd,,text,Ziekenhuisverblijf 2 — terugbetaling in euro,,,number_2dp,0,,,,,,,,,
e45b_zh_opm,e45b_dagboek_3mnd,,notes,"Notities van de deelnemer bij deel 7b, ziekenhuisverblijf met overnachting",,,,,,,,,,,,,
e45b_door,e45b_dagboek_3mnd,,text,Ingevoerd door (initialen),,Initialen van het studieteamlid dat overzet,,,,,,,,,,,
e47_datum,e47_ulcus_vervolg,,text,Datum van dit contact,,"dd-mm-jjjj, zoals op het papieren werkblad",date_dmy,,,,,y,,,,,
e47_init_datum,e47_ulcus_vervolg,1. Ulcus-identificatie,text,Datum van de initiële classificatie,,De datum van eCRF 36 en 38 voor dit ulcus,date_dmy,,,,,y,,,,,
e47_locatie,e47_ulcus_vervolg,,text,Locatie ulcus,,,,,,,,y,,,,,
e47_zijde,e47_ulcus_vervolg,,radio,Zijde,"1, Links|2, Rechts",,,,,,,y,,,,,
e47_contact_nr,e47_ulcus_vervolg,,text,Volgnummer van dit vervolgcontact,,"1 voor het eerste vervolgcontact, daarna oplopend",integer,1,,,,y,,,,,
e47_weken,e47_ulcus_vervolg,,text,Aantal weken sinds de initiële vaststelling,,,integer,0,,,,,,,,,
e47_status,e47_ulcus_vervolg,2. Genezingsstatus,radio,Status van dit ulcus op de datum van dit contact,"1, Genezen|2, Nog niet genezen, verdere opvolging nodig|3, Overgegaan naar amputatie|4, Deelnemer overleden",,,,,,,y,,,,,
e47_datum_genezing,e47_ulcus_vervolg,,text,Datum van genezing,,,date_dmy,,,,[e47_status] = '1',y,,,,,
e47_ae_gemeld,e47_ulcus_vervolg,,yesno,Gemeld op het AE- en SAE-formulier,,Verplicht bij amputatie of overlijden; zie eCRF 46,,,,,[e47_status] = '3' or [e47_status] = '4',y,,,,,
e47_opmerkingen,e47_ulcus_vervolg,3. Opmerkingen,notes,Opmerkingen,,,,,,,,,,,,,
e47_door,e47_ulcus_vervolg,,text,Ingevoerd door (initialen),,Initialen van het studieteamlid dat overzet,,,,,,,,,,,
